Depth (m),400,395,390,385,380,375,370,365,360,355,350,345,340,335,330,325,320,315,310,305,300,295,290,285,280,275,273.16,270,265,260,255,250,245,240,235,230,225,220,215,210,205,200,195,190,185,180,175,170,165,160,155,150,145,140,135,130,125,120,115,110,105,100,95,90,85,80,75,70,65,60,55,50,45,40
0,3E-10,3E-10,3E-10,3E-10,3E-10,3E-10,3E-10,3E-10,3E-10,3E-10,3E-10,3E-10,3E-10,3E-10,3E-10,3E-10,3E-10,3E-10,3E-10,3E-10,3E-10,3E-10,3E-10,3E-10,3E-10,3E-10,3E-10,3E-10,3E-10,3E-10,3E-10,3E-10,3E-10,3E-10,3E-10,3E-10,3E-10,3E-10,3E-10,3E-10,3E-10,3E-10,3E-10,3E-10,3E-10,3E-10,3E-10,3E-10,3E-10,3E-10,3E-10,3E-10,3E-10,3E-10,3E-10,3E-10,3E-10,3E-10,3E-10,3E-10,3E-10,3E-10,3E-10,3E-10,3E-10,3E-10,3E-10,3E-10,3E-10,3E-10,3E-10,3E-10,3E-10,3E-10
0.1,245913.9554,210747.392,179798.8537,152676.6799,129012.2471,108459.8119,90696.28106,75420.90282,62354.87904,51240.89531,41842.56951,33943.81936,27348.15137,21877.87465,17373.24474,13691.54395,10706.10614,8305.295288,6391.448351,4879.793836,3697.358515,2781.874903,2080.702413,1549.774745,1152.585458,859.2226167,773.1194937,630.6632106,466.9654454,356.6535694,283.7959791,236.8017297,206.7947594,188.0588798,176.5815824,169.7227497,165.7122089,163.4237076,162.1558578,161.4705573,161.11266,160.9316569,160.8430625,160.8014614,160.7826227,160.7744971,160.7711438,160.7698315,160.7693475,160.7691793,160.7691246,160.7691081,160.7691035,160.7691024,160.7691021,160.769102,160.769102,160.769102,160.769102,160.769102,160.769102,160.769102,160.769102,160.769102,160.769102,160.769102,160.769102,160.769102,160.769102,160.769102,160.769102,160.769102,160.769102,160.769102
0.2,246093.5744,210927.0109,179978.4726,152856.2989,129191.8661,108639.4309,90875.90002,75600.52177,62534.49799,51420.51427,42022.18847,34123.43832,27527.77033,22057.49361,17552.8637,13871.16291,10885.72509,8484.914243,6571.067306,5059.412792,3876.97747,2961.493858,2260.321368,1729.3937,1332.204413,1038.841572,952.738449,810.2821659,646.5844006,536.2725246,463.4149344,416.420685,386.4137146,367.6778351,356.2005377,349.3417049,345.3311641,343.0426628,341.7748131,341.0895126,340.7316152,340.5506122,340.4620178,340.4204166,340.401578,340.3934524,340.390099,340.3887867,340.3883027,340.3881345,340.3880799,340.3880634,340.3880588,340.3880576,340.3880573,340.3880573,340.3880573,340.3880573,340.3880573,340.3880573,340.3880573,340.3880573,340.3880573,340.3880573,340.3880573,340.3880573,340.3880573,340.3880573,340.3880573,340.3880573,340.3880573,340.3880573,340.3880573,340.3880573
0.3,246290.2991,211123.7357,180175.1974,153053.0237,129388.5908,108836.1557,91072.62477,75797.24653,62731.22275,51617.23903,42218.91322,34320.16307,27724.49508,22254.21836,17749.58846,14067.88766,11082.44985,8681.639001,6767.792064,5256.13755,4073.702228,3158.218616,2457.046126,1926.118458,1528.929171,1235.56633,1149.463207,1007.006924,843.3091587,732.9972827,660.1396924,613.145443,583.1384727,564.4025931,552.9252957,546.066463,542.0559222,539.7674209,538.4995711,537.8142706,537.4563733,537.2753702,537.1867758,537.1451747,537.126336,537.1182104,537.1148571,537.1135448,537.1130608,537.1128926,537.1128379,537.1128214,537.1128168,537.1128157,537.1128154,537.1128153,537.1128153,537.1128153,537.1128153,537.1128153,537.1128153,537.1128153,537.1128153,537.1128153,537.1128153,537.1128153,537.1128153,537.1128153,537.1128153,537.1128153,537.1128153,537.1128153,537.1128153,537.1128153
0.4,246502.547,211335.9836,180387.4452,153265.2715,129600.8387,109048.4035,91284.87265,76009.49441,62943.47063,51829.4869,42431.1611,34532.41095,27936.74296,22466.46624,17961.83633,14280.13554,11294.69772,8893.886877,6980.03994,5468.385425,4285.950104,3370.466492,2669.294002,2138.366334,1741.177047,1447.814206,1361.711083,1219.2548,1055.557034,945.2451583,872.387568,825.3933187,795.3863483,776.6504688,765.1731714,758.3143386,754.3037978,752.0152965,750.7474468,750.0621463,749.7042489,749.5232458,749.4346515,749.3930503,749.3742117,749.3660861,749.3627327,749.3614204,749.3609364,749.3607682,749.3607136,749.3606971,749.3606925,749.3606913,749.360691,749.360691,749.360691,749.360691,749.360691,749.360691,749.360691,749.360691,749.360691,749.360691,749.360691,749.360691,749.360691,749.360691,749.360691,749.360691,749.360691,749.360691,749.360691,749.360691
0.5,246728.8817,211562.3183,180613.78,153491.6063,129827.1735,109274.7383,91511.20739,76235.82915,63169.80537,52055.82165,42657.49584,34758.74569,28163.0777,22692.80098,18188.17108,14506.47028,11521.03247,9120.22162,7206.374683,5694.720169,4512.284847,3596.801235,2895.628745,2364.701077,1967.51179,1674.148949,1588.045826,1445.589543,1281.891778,1171.579902,1098.722311,1051.728062,1021.721092,1002.985212,991.5079147,984.6490819,980.6385411,978.3500398,977.0821901,976.3968896,976.0389922,975.8579891,975.7693948,975.7277936,975.708955,975.7008294,975.697476,975.6961637,975.6956797,975.6955115,975.6954569,975.6954404,975.6954358,975.6954346,975.6954343,975.6954343,975.6954343,975.6954343,975.6954343,975.6954343,975.6954343,975.6954343,975.6954343,975.6954343,975.6954343,975.6954343,975.6954343,975.6954343,975.6954343,975.6954343,975.6954343,975.6954343,975.6954343,975.6954343
0.6,246968,211801.4366,180852.8982,153730.7245,130066.2917,109513.8565,91750.32564,76474.9474,63408.92362,52294.93989,42896.61409,34997.86394,28402.19595,22931.91923,18427.28932,14745.58853,11760.15072,9359.339868,7445.49293,5933.838416,4751.403095,3835.919483,3134.746992,2603.819325,2206.630038,1913.267197,1827.164074,1684.70779,1521.010025,1410.698149,1337.840559,1290.84631,1260.839339,1242.10346,1230.626162,1223.76733,1219.756789,1217.468287,1216.200438,1215.515137,1215.15724,1214.976237,1214.887642,1214.846041,1214.827203,1214.819077,1214.815724,1214.814411,1214.813927,1214.813759,1214.813704,1214.813688,1214.813683,1214.813682,1214.813682,1214.813682,1214.813682,1214.813682,1214.813682,1214.813682,1214.813682,1214.813682,1214.813682,1214.813682,1214.813682,1214.813682,1214.813682,1214.813682,1214.813682,1214.813682,1214.813682,1214.813682,1214.813682,1214.813682
0.7,247218.719,212052.1555,181103.6172,153981.4435,130317.0107,109764.5755,92001.04462,76725.66638,63659.6426,52545.65887,43147.33307,35248.58292,28652.91493,23182.63821,18678.0083,14996.30751,12010.8697,9610.058848,7696.211911,6184.557396,5002.122075,4086.638463,3385.465972,2854.538305,2457.349018,2163.986177,2077.883054,1935.426771,1771.729005,1661.417129,1588.559539,1541.56529,1511.558319,1492.82244,1481.345142,1474.48631,1470.475769,1468.187267,1466.919418,1466.234117,1465.87622,1465.695217,1465.606622,1465.565021,1465.546183,1465.538057,1465.534704,1465.533391,1465.532907,1465.532739,1465.532685,1465.532668,1465.532663,1465.532662,1465.532662,1465.532662,1465.532662,1465.532662,1465.532662,1465.532662,1465.532662,1465.532662,1465.532662,1465.532662,1465.532662,1465.532662,1465.532662,1465.532662,1465.532662,1465.532662,1465.532662,1465.532662,1465.532662,1465.532662
0.8,247479.9653,212313.4019,181364.8636,154242.6899,130578.2571,110025.8219,92262.291,76986.91275,63920.88897,52806.90525,43408.57945,35509.8293,28914.16131,23443.88459,18939.25468,15257.55388,12272.11607,9871.305222,7957.458285,6445.803771,5263.368449,4347.884837,3646.712347,3115.784679,2718.595392,2425.232551,2339.129428,2196.673145,2032.97538,1922.663504,1849.805914,1802.811664,1772.804694,1754.068814,1742.591517,1735.732684,1731.722143,1729.433642,1728.165792,1727.480492,1727.122594,1726.941591,1726.852997,1726.811396,1726.792557,1726.784432,1726.781078,1726.779766,1726.779282,1726.779114,1726.779059,1726.779043,1726.779038,1726.779037,1726.779036,1726.779036,1726.779036,1726.779036,1726.779036,1726.779036,1726.779036,1726.779036,1726.779036,1726.779036,1726.779036,1726.779036,1726.779036,1726.779036,1726.779036,1726.779036,1726.779036,1726.779036,1726.779036,1726.779036
0.9,247750.7651,212584.2017,181635.6633,154513.4896,130849.0568,110296.6216,92533.09074,77257.71249,64191.68871,53077.70499,43679.37919,35780.62904,29184.96104,23714.68433,19210.05442,15528.35362,12542.91581,10142.10496,8228.258025,6716.603511,5534.168189,4618.684577,3917.512087,3386.584419,2989.395132,2696.032291,2609.929168,2467.472885,2303.77512,2193.463244,2120.605653,2073.611404,2043.604434,2024.868554,2013.391257,2006.532424,2002.521883,2000.233382,1998.965532,1998.280232,1997.922334,1997.741331,1997.652737,1997.611136,1997.592297,1997.584171,1997.580818,1997.579506,1997.579022,1997.578853,1997.578799,1997.578782,1997.578778,1997.578777,1997.578776,1997.578776,1997.578776,1997.578776,1997.578776,1997.578776,1997.578776,1997.578776,1997.578776,1997.578776,1997.578776,1997.578776,1997.578776,1997.578776,1997.578776,1997.578776,1997.578776,1997.578776,1997.578776,1997.578776
1.0,248030.2343,212863.6709,181915.1325,154792.9588,131128.526,110576.0908,92812.55993,77537.18169,64471.15791,53357.17418,43958.84838,36060.09823,29464.43024,23994.15352,19489.52361,15807.82282,12822.38501,10421.57416,8507.727221,6996.072707,5813.637385,4898.153773,4196.981283,3666.053615,3268.864328,2975.501487,2889.398364,2746.942081,2583.244316,2472.93244,2400.07485,2353.0806,2323.07363,2304.33775,2292.860453,2286.00162,2281.991079,2279.702578,2278.434728,2277.749428,2277.39153,2277.210527,2277.121933,2277.080332,2277.061493,2277.053368,2277.050014,2277.048702,2277.048218,2277.04805,2277.047995,2277.047979,2277.047974,2277.047973,2277.047973,2277.047972,2277.047972,2277.047972,2277.047972,2277.047972,2277.047972,2277.047972,2277.047972,2277.047972,2277.047972,2277.047972,2277.047972,2277.047972,2277.047972,2277.047972,2277.047972,2277.047972,2277.047972,2277.047972
1.1,248317.5708,213151.0074,182202.4691,155080.2953,131415.8625,110863.4273,93099.89646,77824.51821,64758.49443,53644.51071,44246.18491,36347.43476,29751.76677,24281.49005,19776.86014,16095.15935,13109.72153,10708.91068,8795.063747,7283.409233,6100.973912,5185.490299,4484.317809,3953.390141,3556.200855,3262.838013,3176.73489,3034.278607,2870.580842,2760.268966,2687.411376,2640.417126,2610.410156,2591.674276,2580.196979,2573.338146,2569.327605,2567.039104,2565.771254,2565.085954,2564.728057,2564.547053,2564.458459,2564.416858,2564.398019,2564.389894,2564.38654,2564.385228,2564.384744,2564.384576,2564.384521,2564.384505,2564.3845,2564.384499,2564.384499,2564.384499,2564.384499,2564.384499,2564.384499,2564.384499,2564.384499,2564.384499,2564.384499,2564.384499,2564.384499,2564.384499,2564.384499,2564.384499,2564.384499,2564.384499,2564.384499,2564.384499,2564.384499,2564.384499
1.2,248612.0467,213445.4833,182496.945,155374.7713,131710.3385,111157.9033,93394.3724,78118.99416,65052.97038,53938.98666,44540.66085,36641.9107,30046.24271,24575.96599,20071.33608,16389.63529,13404.19748,11003.38663,9089.539692,7577.885178,6395.449856,5479.966244,4778.793754,4247.866086,3850.676799,3557.313958,3471.210835,3328.754552,3165.056787,3054.744911,2981.88732,2934.893071,2904.886101,2886.150221,2874.672924,2867.814091,2863.80355,2861.515049,2860.247199,2859.561899,2859.204001,2859.022998,2858.934404,2858.892803,2858.873964,2858.865838,2858.862485,2858.861173,2858.860689,2858.860521,2858.860466,2858.860449,2858.860445,2858.860444,2858.860443,2858.860443,2858.860443,2858.860443,2858.860443,2858.860443,2858.860443,2858.860443,2858.860443,2858.860443,2858.860443,2858.860443,2858.860443,2858.860443,2858.860443,2858.860443,2858.860443,2858.860443,2858.860443,2858.860443
1.3,248913.0015,213746.4381,182797.8998,155675.7261,132011.2933,111458.8581,93695.3272,78419.94896,65353.92518,54239.94146,44841.61565,36942.8655,30347.19751,24876.92079,20372.29089,16690.59009,13705.15228,11304.34143,9390.494493,7878.839978,6696.404657,5780.921045,5079.748555,4548.820887,4151.6316,3858.268759,3772.165636,3629.709353,3466.011587,3355.699711,3282.842121,3235.847872,3205.840901,3187.105022,3175.627724,3168.768892,3164.758351,3162.46985,3161.202,3160.516699,3160.158802,3159.977799,3159.889205,3159.847603,3159.828765,3159.820639,3159.817286,3159.815973,3159.815489,3159.815321,3159.815267,3159.81525,3159.815246,3159.815244,3159.815244,3159.815244,3159.815244,3159.815244,3159.815244,3159.815244,3159.815244,3159.815244,3159.815244,3159.815244,3159.815244,3159.815244,3159.815244,3159.815244,3159.815244,3159.815244,3159.815244,3159.815244,3159.815244,3159.815244
1.4,249219.8358,214053.2723,183104.734,155982.5603,132318.1275,111765.6923,94002.16142,78726.78317,65660.75939,54546.77567,45148.44987,37249.69972,30654.03172,25183.75501,20679.1251,16997.4243,14011.98649,11611.17564,9697.328704,8185.67419,7003.238869,6087.755257,5386.582766,4855.655098,4458.465812,4165.10297,4078.999847,3936.543564,3772.845799,3662.533923,3589.676333,3542.682083,3512.675113,3493.939234,3482.461936,3475.603103,3471.592563,3469.304061,3468.036212,3467.350911,3466.993014,3466.812011,3466.723416,3466.681815,3466.662976,3466.654851,3466.651497,3466.650185,3466.649701,3466.649533,3466.649478,3466.649462,3466.649457,3466.649456,3466.649456,3466.649456,3466.649456,3466.649456,3466.649456,3466.649456,3466.649456,3466.649456,3466.649456,3466.649456,3466.649456,3466.649456,3466.649456,3466.649456,3466.649456,3466.649456,3466.649456,3466.649456,3466.649456,3466.649456
1.5,249532.0054,214365.442,183416.9037,156294.7299,132630.2971,112077.8619,94314.33106,79038.95281,65972.92903,54858.94531,45460.61951,37561.86936,30966.20136,25495.92465,20991.29474,17309.59394,14324.15613,11923.34528,10009.49834,8497.84383,7315.408509,6399.924897,5698.752407,5167.824739,4770.635452,4477.272611,4391.169488,4248.713205,4085.015439,3974.703563,3901.845973,3854.851724,3824.844753,3806.108874,3794.631576,3787.772744,3783.762203,3781.473702,3780.205852,3779.520551,3779.162654,3778.981651,3778.893057,3778.851455,3778.832617,3778.824491,3778.821138,3778.819825,3778.819341,3778.819173,3778.819119,3778.819102,3778.819098,3778.819096,3778.819096,3778.819096,3778.819096,3778.819096,3778.819096,3778.819096,3778.819096,3778.819096,3778.819096,3778.819096,3778.819096,3778.819096,3778.819096,3778.819096,3778.819096,3778.819096,3778.819096,3778.819096,3778.819096,3778.819096
1.6,249849.0168,214682.4534,183733.9151,156611.7414,132947.3085,112394.8734,94631.34247,79355.96423,66289.94045,55175.95673,45777.63092,37878.88077,31283.21278,25812.93606,21308.30616,17626.60536,14641.16755,12240.3567,10326.50976,8814.855248,7632.419926,6716.936314,6015.763824,5484.836156,5087.646869,4794.284028,4708.180905,4565.724622,4402.026857,4291.714981,4218.857391,4171.863141,4141.856171,4123.120291,4111.642994,4104.784161,4100.77362,4098.485119,4097.217269,4096.531969,4096.174071,4095.993068,4095.904474,4095.862873,4095.844034,4095.835909,4095.832555,4095.831243,4095.830759,4095.830591,4095.830536,4095.83052,4095.830515,4095.830514,4095.830513,4095.830513,4095.830513,4095.830513,4095.830513,4095.830513,4095.830513,4095.830513,4095.830513,4095.830513,4095.830513,4095.830513,4095.830513,4095.830513,4095.830513,4095.830513,4095.830513,4095.830513,4095.830513,4095.830513
1.7,250170.422,215003.8586,184055.3203,156933.1466,133268.7138,112716.2786,94952.74769,79677.36945,66611.34567,55497.36194,46099.03614,38200.28599,31604.618,26134.34128,21629.71137,17948.01058,14962.57276,12561.76192,10647.91498,9136.260465,7953.825144,7038.341532,6337.169041,5806.241373,5409.052087,5115.689246,5029.586123,4887.129839,4723.432074,4613.120198,4540.262608,4493.268358,4463.261388,4444.525509,4433.048211,4426.189378,4422.178838,4419.890336,4418.622487,4417.937186,4417.579289,4417.398286,4417.309691,4417.26809,4417.249252,4417.241126,4417.237773,4417.23646,4417.235976,4417.235808,4417.235753,4417.235737,4417.235732,4417.235731,4417.235731,4417.235731,4417.235731,4417.235731,4417.235731,4417.235731,4417.235731,4417.235731,4417.235731,4417.235731,4417.235731,4417.235731,4417.235731,4417.235731,4417.235731,4417.235731,4417.235731,4417.235731,4417.235731,4417.235731
1.8,250495.8145,215329.2511,184380.7128,157258.5391,133594.1062,113041.6711,95278.14018,80002.76194,66936.73816,55822.75443,46424.42863,38525.67848,31930.01049,26459.73377,21955.10386,18273.40307,15287.96525,12887.15441,10973.30747,9461.652954,8279.217632,7363.73402,6662.56153,6131.633862,5734.444575,5441.081734,5354.978611,5212.522328,5048.824563,4938.512687,4865.655096,4818.660847,4788.653877,4769.917997,4758.4407,4751.581867,4747.571326,4745.282825,4744.014975,4743.329675,4742.971777,4742.790774,4742.70218,4742.660579,4742.64174,4742.633614,4742.630261,4742.628949,4742.628465,4742.628297,4742.628242,4742.628225,4742.628221,4742.62822,4742.628219,4742.628219,4742.628219,4742.628219,4742.628219,4742.628219,4742.628219,4742.628219,4742.628219,4742.628219,4742.628219,4742.628219,4742.628219,4742.628219,4742.628219,4742.628219,4742.628219,4742.628219,4742.628219,4742.628219
1.9,250824.8254,215658.2619,184709.7236,157587.5499,133923.1171,113370.6819,95607.15102,80331.77278,67265.749,56151.76528,46753.43947,38854.68932,32259.02133,26788.74461,22284.11471,18602.41391,15616.9761,13216.16525,11302.31831,9790.663798,8608.228476,7692.744864,6991.572374,6460.644706,6063.455419,5770.092578,5683.989455,5541.533172,5377.835407,5267.523531,5194.665941,5147.671691,5117.664721,5098.928841,5087.451544,5080.592711,5076.58217,5074.293669,5073.025819,5072.340519,5071.982621,5071.801618,5071.713024,5071.671423,5071.652584,5071.644459,5071.641105,5071.639793,5071.639309,5071.639141,5071.639086,5071.63907,5071.639065,5071.639064,5071.639064,5071.639063,5071.639063,5071.639063,5071.639063,5071.639063,5071.639063,5071.639063,5071.639063,5071.639063,5071.639063,5071.639063,5071.639063,5071.639063,5071.639063,5071.639063,5071.639063,5071.639063,5071.639063,5071.639063
2.0,251157.1198,215990.5564,185042.018,157919.8443,134255.4115,113702.9763,95939.44544,80664.0672,67598.04342,56484.05969,47085.73389,39186.98374,32591.31575,27121.03903,22616.40912,18934.70833,15949.27051,13548.45967,11634.61273,10122.95822,8940.522894,8025.039282,7323.866792,6792.939124,6395.749837,6102.386996,6016.283873,5873.82759,5710.129825,5599.817948,5526.960358,5479.966109,5449.959139,5431.223259,5419.745962,5412.887129,5408.876588,5406.588087,5405.320237,5404.634936,5404.277039,5404.096036,5404.007442,5403.965841,5403.947002,5403.938876,5403.935523,5403.934211,5403.933727,5403.933558,5403.933504,5403.933487,5403.933483,5403.933481,5403.933481,5403.933481,5403.933481,5403.933481,5403.933481,5403.933481,5403.933481,5403.933481,5403.933481,5403.933481,5403.933481,5403.933481,5403.933481,5403.933481,5403.933481,5403.933481,5403.933481,5403.933481,5403.933481,5403.933481
2.1,251492.394,216325.8305,185377.2922,158255.1185,134590.6857,114038.2505,96274.71962,80999.34138,67933.3176,56819.33388,47421.00807,39522.25792,32926.58993,27456.31321,22951.68331,19269.98251,16284.5447,13883.73385,11969.88691,10458.2324,9275.797078,8360.313466,7659.140976,7128.213308,6731.024021,6437.66118,6351.558057,6209.101774,6045.404009,5935.092133,5862.234542,5815.240293,5785.233323,5766.497443,5755.020146,5748.161313,5744.150772,5741.862271,5740.594421,5739.909121,5739.551223,5739.37022,5739.281626,5739.240025,5739.221186,5739.21306,5739.209707,5739.208395,5739.207911,5739.207743,5739.207688,5739.207671,5739.207667,5739.207666,5739.207665,5739.207665,5739.207665,5739.207665,5739.207665,5739.207665,5739.207665,5739.207665,5739.207665,5739.207665,5739.207665,5739.207665,5739.207665,5739.207665,5739.207665,5739.207665,5739.207665,5739.207665,5739.207665,5739.207665
2.2,251830.3722,216663.8088,185715.2705,158593.0968,134928.6639,114376.2288,96612.69788,81337.31963,68271.29585,57157.31213,47758.98633,39860.23618,33264.56819,27794.29147,23289.66156,19607.96077,16622.52295,14221.7121,12307.86517,10796.21065,9613.775331,8698.291719,7997.119229,7466.191561,7069.002274,6775.639433,6689.53631,6547.080027,6383.382262,6273.070385,6200.212795,6153.218546,6123.211576,6104.475696,6092.998399,6086.139566,6082.129025,6079.840524,6078.572674,6077.887373,6077.529476,6077.348473,6077.259879,6077.218278,6077.199439,6077.191313,6077.18796,6077.186648,6077.186164,6077.185995,6077.185941,6077.185924,6077.18592,6077.185918,6077.185918,6077.185918,6077.185918,6077.185918,6077.185918,6077.185918,6077.185918,6077.185918,6077.185918,6077.185918,6077.185918,6077.185918,6077.185918,6077.185918,6077.185918,6077.185918,6077.185918,6077.185918,6077.185918,6077.185918
2.3,252170.8044,217004.2409,186055.7026,158933.5289,135269.0961,114716.6609,96953.13001,81677.75177,68611.72799,57497.74426,48099.41846,40200.66831,33605.00032,28134.7236,23630.09369,19948.3929,16962.95508,14562.14424,12648.2973,11136.64278,9954.207463,9038.723851,8337.551361,7806.623693,7409.434406,7116.071565,7029.968442,6887.512159,6723.814394,6613.502518,6540.644927,6493.650678,6463.643708,6444.907828,6433.430531,6426.571698,6422.561157,6420.272656,6419.004806,6418.319506,6417.961608,6417.780605,6417.692011,6417.65041,6417.631571,6417.623445,6417.620092,6417.61878,6417.618296,6417.618128,6417.618073,6417.618056,6417.618052,6417.618051,6417.61805,6417.61805,6417.61805,6417.61805,6417.61805,6417.61805,6417.61805,6417.61805,6417.61805,6417.61805,6417.61805,6417.61805,6417.61805,6417.61805,6417.61805,6417.61805,6417.61805,6417.61805,6417.61805,6417.61805
2.4,252513.4633,217346.8999,186398.3616,159276.1879,135611.755,115059.3199,97295.78898,82020.41074,68954.38696,57840.40323,48442.07743,40543.32728,33947.65929,28477.38257,23972.75266,20291.05187,17305.61405,14904.80321,12990.95627,11479.30176,10296.86643,9381.382822,8680.210331,8149.282663,7752.093377,7458.730536,7372.627413,7230.171129,7066.473364,6956.161488,6883.303898,6836.309649,6806.302678,6787.566799,6776.089501,6769.230669,6765.220128,6762.931626,6761.663777,6760.978476,6760.620579,6760.439576,6760.350981,6760.30938,6760.290542,6760.282416,6760.279063,6760.27775,6760.277266,6760.277098,6760.277043,6760.277027,6760.277022,6760.277021,6760.277021,6760.277021,6760.277021,6760.277021,6760.277021,6760.277021,6760.277021,6760.277021,6760.277021,6760.277021,6760.277021,6760.277021,6760.277021,6760.277021,6760.277021,6760.277021,6760.277021,6760.277021,6760.277021,6760.277021
2.5,252858.1431,217691.5797,186743.0414,159620.8676,135956.4348,115403.9996,97640.46875,82365.09051,69299.06673,58185.08301,48786.7572,40888.00705,34292.33906,28822.06234,24317.43244,20635.73164,17650.29383,15249.48298,13335.63604,11823.98153,10641.54621,9726.062596,9024.890106,8493.962438,8096.773151,7803.41031,7717.307187,7574.850904,7411.153139,7300.841263,7227.983672,7180.989423,7150.982453,7132.246573,7120.769276,7113.910443,7109.899902,7107.611401,7106.343551,7105.658251,7105.300353,7105.11935,7105.030756,7104.989155,7104.970316,7104.96219,7104.958837,7104.957525,7104.957041,7104.956873,7104.956818,7104.956801,7104.956797,7104.956796,7104.956795,7104.956795,7104.956795,7104.956795,7104.956795,7104.956795,7104.956795,7104.956795,7104.956795,7104.956795,7104.956795,7104.956795,7104.956795,7104.956795,7104.956795,7104.956795,7104.956795,7104.956795,7104.956795,7104.956795
2.6,253204.6567,218038.0933,187089.555,159967.3813,136302.9484,115750.5132,97986.98236,82711.60412,69645.58034,58531.59661,49133.27081,41234.52066,34638.85267,29168.57595,24663.94604,20982.24525,17996.80744,15595.99659,13682.14965,12170.49514,10988.05982,10072.5762,9371.403713,8840.476045,8443.286758,8149.923917,8063.820794,7921.364511,7757.666746,7647.35487,7574.497279,7527.50303,7497.49606,7478.76018,7467.282883,7460.42405,7456.413509,7454.125008,7452.857158,7452.171858,7451.81396,7451.632957,7451.544363,7451.502762,7451.483923,7451.475797,7451.472444,7451.471132,7451.470648,7451.47048,7451.470425,7451.470408,7451.470404,7451.470403,7451.470402,7451.470402,7451.470402,7451.470402,7451.470402,7451.470402,7451.470402,7451.470402,7451.470402,7451.470402,7451.470402,7451.470402,7451.470402,7451.470402,7451.470402,7451.470402,7451.470402,7451.470402,7451.470402,7451.470402
2.7,253552.8345,218386.271,187437.7327,160315.559,136651.1262,116098.691,98335.16013,83059.78189,69993.75811,58879.77438,49481.44858,41582.69843,34987.03044,29516.75372,25012.12381,21330.42302,18344.9852,15944.17436,14030.32742,12518.6729,11336.23758,10420.75397,9719.58148,9188.653812,8791.464526,8498.101684,8411.998561,8269.542278,8105.844513,7995.532637,7922.675047,7875.680797,7845.673827,7826.937947,7815.46065,7808.601817,7804.591276,7802.302775,7801.034925,7800.349625,7799.991727,7799.810724,7799.72213,7799.680529,7799.66169,7799.653565,7799.650211,7799.648899,7799.648415,7799.648247,7799.648192,7799.648176,7799.648171,7799.64817,7799.64817,7799.64817,7799.64817,7799.64817,7799.64817,7799.64817,7799.64817,7799.64817,7799.64817,7799.64817,7799.64817,7799.64817,7799.64817,7799.64817,7799.64817,7799.64817,7799.64817,7799.64817,7799.64817,7799.64817
2.8,253902.5224,218735.959,187787.4207,160665.247,137000.8141,116448.379,98684.84808,83409.46984,70343.44606,59229.46234,49831.13653,41932.38638,35336.71839,29866.44167,25361.81177,21680.11097,18694.67316,16293.86231,14380.01537,12868.36086,11685.92554,10770.44192,10069.26943,9538.341766,9141.152479,8847.789638,8761.686515,8619.230232,8455.532467,8345.220591,8272.363001,8225.368751,8195.361781,8176.625901,8165.148604,8158.289771,8154.27923,8151.990729,8150.722879,8150.037579,8149.679681,8149.498678,8149.410084,8149.368483,8149.349644,8149.341519,8149.338165,8149.336853,8149.336369,8149.336201,8149.336146,8149.33613,8149.336125,8149.336124,8149.336124,8149.336123,8149.336123,8149.336123,8149.336123,8149.336123,8149.336123,8149.336123,8149.336123,8149.336123,8149.336123,8149.336123,8149.336123,8149.336123,8149.336123,8149.336123,8149.336123,8149.336123,8149.336123,8149.336123
2.9,254253.5808,219087.0174,188138.4791,161016.3054,137351.8726,116799.4374,99035.9065,83760.52825,70694.50447,59580.52075,50182.19495,42283.4448,35687.77681,30217.50009,25712.87018,22031.16938,19045.73157,16644.92072,14731.07379,13219.41927,12036.98395,11121.50034,10420.32785,9889.400179,9492.210893,9198.848051,9112.744928,8970.288645,8806.59088,8696.279004,8623.421414,8576.427164,8546.420194,8527.684315,8516.207017,8509.348184,8505.337644,8503.049142,8501.781293,8501.095992,8500.738095,8500.557092,8500.468497,8500.426896,8500.408057,8500.399932,8500.396578,8500.395266,8500.394782,8500.394614,8500.394559,8500.394543,8500.394538,8500.394537,8500.394537,8500.394537,8500.394537,8500.394537,8500.394537,8500.394537,8500.394537,8500.394537,8500.394537,8500.394537,8500.394537,8500.394537,8500.394537,8500.394537,8500.394537,8500.394537,8500.394537,8500.394537,8500.394537,8500.394537
3.0,254605.8829,219439.3195,188490.7812,161368.6075,137704.1746,117151.7395,99388.20857,84112.83033,71046.80655,59932.82282,50534.49702,42635.74687,36040.07888,30569.80216,26065.17225,22383.47146,19398.03364,16997.2228,15083.37586,13571.72134,12389.28602,11473.80241,10772.62992,10241.70225,9844.512966,9551.150124,9465.047001,9322.590718,9158.892953,9048.581077,8975.723487,8928.729237,8898.722267,8879.986388,8868.50909,8861.650257,8857.639717,8855.351215,8854.083366,8853.398065,8853.040168,8852.859165,8852.77057,8852.728969,8852.71013,8852.702005,8852.698651,8852.697339,8852.696855,8852.696687,8852.696632,8852.696616,8852.696611,8852.69661,8852.69661,8852.69661,8852.69661,8852.69661,8852.69661,8852.69661,8852.69661,8852.69661,8852.69661,8852.69661,8852.69661,8852.69661,8852.69661,8852.69661,8852.69661,8852.69661,8852.69661,8852.69661,8852.69661,8852.69661
3.1,254959.3136,219792.7502,188844.2118,161722.0381,138057.6053,117505.1701,99741.63923,84466.26099,71400.23721,60286.25349,50887.92768,42989.17753,36393.50954,30923.23282,26418.60292,22736.90212,19751.46431,17350.65346,15436.80652,13925.15201,12742.71669,11827.23308,11126.06059,10595.13292,10197.94363,9904.58079,9818.477667,9676.021384,9512.323619,9402.011742,9329.154152,9282.159903,9252.152932,9233.417053,9221.939756,9215.080923,9211.070382,9208.781881,9207.514031,9206.82873,9206.470833,9206.28983,9206.201236,9206.159635,9206.140796,9206.13267,9206.129317,9206.128005,9206.127521,9206.127352,9206.127298,9206.127281,9206.127277,9206.127275,9206.127275,9206.127275,9206.127275,9206.127275,9206.127275,9206.127275,9206.127275,9206.127275,9206.127275,9206.127275,9206.127275,9206.127275,9206.127275,9206.127275,9206.127275,9206.127275,9206.127275,9206.127275,9206.127275,9206.127275
3.2,255313.7684,220147.205,189198.6667,162076.493,138412.0601,117859.625,100096.0941,84820.71583,71754.69205,60640.70832,51242.38252,43343.63237,36747.96438,31277.68766,26773.05775,23091.35696,20105.91915,17705.1083,15791.26136,14279.60685,13097.17152,12181.68791,11480.51542,10949.58775,10552.39847,10259.03563,10172.9325,10030.47622,9866.778455,9756.466579,9683.608989,9636.61474,9606.607769,9587.87189,9576.394592,9569.535759,9565.525219,9563.236717,9561.968868,9561.283567,9560.92567,9560.744667,9560.656072,9560.614471,9560.595633,9560.587507,9560.584154,9560.582841,9560.582357,9560.582189,9560.582134,9560.582118,9560.582113,9560.582112,9560.582112,9560.582112,9560.582112,9560.582112,9560.582112,9560.582112,9560.582112,9560.582112,9560.582112,9560.582112,9560.582112,9560.582112,9560.582112,9560.582112,9560.582112,9560.582112,9560.582112,9560.582112,9560.582112,9560.582112
3.3,255669.1527,220502.5892,189554.0509,162431.8772,138767.4444,118215.0092,100451.4783,85176.10008,72110.0763,60996.09257,51597.76677,43699.01662,37103.34863,31633.07191,27128.442,23446.74121,20461.30339,18060.49255,16146.64561,14634.99109,13452.55577,12537.07216,11835.89967,11304.972,10907.78272,10614.41987,10528.31675,10385.86047,10222.1627,10111.85083,10038.99324,9991.998988,9961.992017,9943.256138,9931.77884,9924.920008,9920.909467,9918.620966,9917.353116,9916.667815,9916.309918,9916.128915,9916.040321,9915.998719,9915.979881,9915.971755,9915.968402,9915.96709,9915.966606,9915.966437,9915.966383,9915.966366,9915.966362,9915.96636,9915.96636,9915.96636,9915.96636,9915.96636,9915.96636,9915.96636,9915.96636,9915.96636,9915.96636,9915.96636,9915.96636,9915.96636,9915.96636,9915.96636,9915.96636,9915.96636,9915.96636,9915.96636,9915.96636,9915.96636
3.4,256025.3803,220858.8169,189910.2786,162788.1049,139123.6721,118571.2369,100807.706,85532.32774,72466.30396,61352.32024,51953.99444,44055.24429,37459.5763,31989.29958,27484.66967,23802.96888,20817.53106,18416.72021,16502.87328,14991.21876,13808.78344,12893.29983,12192.12734,11661.19967,11264.01038,10970.64754,10884.54442,10742.08814,10578.39037,10468.0785,10395.2209,10348.22666,10318.21969,10299.48381,10288.00651,10281.14768,10277.13713,10274.84863,10273.58078,10272.89548,10272.53759,10272.35658,10272.26799,10272.22639,10272.20755,10272.19942,10272.19607,10272.19476,10272.19427,10272.1941,10272.19405,10272.19403,10272.19403,10272.19403,10272.19403,10272.19403,10272.19403,10272.19403,10272.19403,10272.19403,10272.19403,10272.19403,10272.19403,10272.19403,10272.19403,10272.19403,10272.19403,10272.19403,10272.19403,10272.19403,10272.19403,10272.19403,10272.19403,10272.19403
3.5,256382.3734,221215.81,190267.2716,163145.0979,139480.6651,118928.2299,101164.699,85889.32079,72823.29701,61709.31329,52310.98749,44412.23734,37816.56935,32346.29263,27841.66272,24159.96193,21174.52411,18773.71326,16859.86633,15348.21181,14165.77649,13250.29288,12549.12039,12018.19272,11621.00343,11327.64059,11241.53747,11099.08119,10935.38342,10825.07155,10752.21396,10705.21971,10675.21274,10656.47686,10644.99956,10638.14073,10634.13019,10631.84168,10630.57383,10629.88853,10629.53064,10629.34963,10629.26104,10629.21944,10629.2006,10629.19247,10629.18912,10629.18781,10629.18732,10629.18716,10629.1871,10629.18708,10629.18708,10629.18708,10629.18708,10629.18708,10629.18708,10629.18708,10629.18708,10629.18708,10629.18708,10629.18708,10629.18708,10629.18708,10629.18708,10629.18708,10629.18708,10629.18708,10629.18708,10629.18708,10629.18708,10629.18708,10629.18708,10629.18708
3.6,256740.061,221573.4976,190624.9593,163502.7855,139838.3527,119285.9175,101522.3867,86247.00841,73180.98463,62067.00091,52668.67511,44769.92496,38174.25697,32703.98025,28199.35034,24517.64955,21532.21173,19131.40088,17217.55395,15705.89943,14523.46411,13607.9805,12906.80801,12375.88034,11978.69105,11685.32821,11599.22509,11456.76881,11293.07104,11182.75916,11109.90157,11062.90733,11032.90035,11014.16448,11002.68718,10995.82834,10991.8178,10989.5293,10988.26145,10987.57615,10987.21826,10987.03725,10986.94866,10986.90706,10986.88822,10986.88009,10986.87674,10986.87543,10986.87494,10986.87477,10986.87472,10986.8747,10986.8747,10986.8747,10986.8747,10986.8747,10986.8747,10986.8747,10986.8747,10986.8747,10986.8747,10986.8747,10986.8747,10986.8747,10986.8747,10986.8747,10986.8747,10986.8747,10986.8747,10986.8747,10986.8747,10986.8747,10986.8747,10986.8747
3.7,257098.3789,221931.8155,190983.2772,163861.1035,140196.6706,119644.2355,101880.7046,86605.32634,73539.30256,62425.31883,53026.99303,45128.24288,38532.57489,33062.29817,28557.66826,24875.96747,21890.52965,19489.71881,17575.87187,16064.21735,14881.78203,13966.29842,13265.12593,12734.19826,12337.00898,12043.64613,11957.54301,11815.08673,11651.38896,11541.07709,11468.2195,11421.22525,11391.21828,11372.4824,11361.0051,11354.14627,11350.13573,11347.84723,11346.57938,11345.89408,11345.53618,11345.35517,11345.26658,11345.22498,11345.20614,11345.19802,11345.19466,11345.19335,11345.19287,11345.1927,11345.19264,11345.19263,11345.19262,11345.19262,11345.19262,11345.19262,11345.19262,11345.19262,11345.19262,11345.19262,11345.19262,11345.19262,11345.19262,11345.19262,11345.19262,11345.19262,11345.19262,11345.19262,11345.19262,11345.19262,11345.19262,11345.19262,11345.19262,11345.19262
3.8,257457.2688,222290.7054,191342.1671,164219.9934,140555.5606,120003.1254,102239.5945,86964.21624,73898.19246,62784.20874,53385.88294,45487.13279,38891.4648,33421.18808,28916.55817,25234.85738,22249.41956,19848.60871,17934.76178,16423.10726,15240.67194,14325.18833,13624.01584,13093.08817,12695.89888,12402.53604,12316.43292,12173.97664,12010.27887,11899.967,11827.10941,11780.11516,11750.10819,11731.37231,11719.89501,11713.03618,11709.02564,11706.73713,11705.46928,11704.78398,11704.42609,11704.24508,11704.15649,11704.11489,11704.09605,11704.08792,11704.08457,11704.08326,11704.08277,11704.08261,11704.08255,11704.08253,11704.08253,11704.08253,11704.08253,11704.08253,11704.08253,11704.08253,11704.08253,11704.08253,11704.08253,11704.08253,11704.08253,11704.08253,11704.08253,11704.08253,11704.08253,11704.08253,11704.08253,11704.08253,11704.08253,11704.08253,11704.08253,11704.08253
3.9,257816.6778,222650.1144,191701.5761,164579.4023,140914.9695,120362.5343,102599.0035,87323.62522,74257.60144,63143.61771,53745.29191,45846.54176,39250.87377,33780.59705,29275.96714,25594.26635,22608.82853,20208.01769,18294.17075,16782.51624,15600.08091,14684.5973,13983.42481,13452.49714,13055.30786,12761.94502,12675.84189,12533.38561,12369.68784,12259.37597,12186.51838,12139.52413,12109.51716,12090.78128,12079.30398,12072.44515,12068.43461,12066.14611,12064.87826,12064.19296,12063.83506,12063.65406,12063.56546,12063.52386,12063.50502,12063.4969,12063.49354,12063.49223,12063.49175,12063.49158,12063.49152,12063.49151,12063.4915,12063.4915,12063.4915,12063.4915,12063.4915,12063.4915,12063.4915,12063.4915,12063.4915,12063.4915,12063.4915,12063.4915,12063.4915,12063.4915,12063.4915,12063.4915,12063.4915,12063.4915,12063.4915,12063.4915,12063.4915,12063.4915
4.0,258176.5578,223009.9944,192061.4561,164939.2824,141274.8495,120722.4144,102958.8835,87683.50523,74617.48145,63503.49773,54105.17192,46206.42177,39610.75378,34140.47706,29635.84715,25954.14636,22968.70855,20567.8977,18654.05076,17142.39625,15959.96093,15044.47731,14343.30482,13812.37716,13415.18787,13121.82503,13035.7219,12893.26562,12729.56786,12619.25598,12546.39839,12499.40414,12469.39717,12450.66129,12439.18399,12432.32516,12428.31462,12426.02612,12424.75827,12424.07297,12423.71507,12423.53407,12423.44547,12423.40387,12423.38503,12423.37691,12423.37355,12423.37224,12423.37176,12423.37159,12423.37154,12423.37152,12423.37151,12423.37151,12423.37151,12423.37151,12423.37151,12423.37151,12423.37151,12423.37151,12423.37151,12423.37151,12423.37151,12423.37151,12423.37151,12423.37151,12423.37151,12423.37151,12423.37151,12423.37151,12423.37151,12423.37151,12423.37151,12423.37151
4.1,258536.8653,223370.3019,192421.7635,165299.5898,141635.157,121082.7218,103319.1909,88043.8127,74977.78892,63863.80519,54465.47939,46566.72924,39971.06125,34500.78453,29996.15462,26314.45383,23329.01601,20928.20517,19014.35823,17502.70372,16320.26839,15404.78478,14703.61229,14172.68462,13775.49534,13482.1325,13396.02937,13253.57309,13089.87532,12979.56345,12906.70586,12859.71161,12829.70464,12810.96876,12799.49146,12792.63263,12788.62209,12786.33359,12785.06574,12784.38044,12784.02254,12783.84154,12783.75294,12783.71134,12783.6925,12783.68438,12783.68102,12783.67971,12783.67923,12783.67906,12783.679,12783.67899,12783.67898,12783.67898,12783.67898,12783.67898,12783.67898,12783.67898,12783.67898,12783.67898,12783.67898,12783.67898,12783.67898,12783.67898,12783.67898,12783.67898,12783.67898,12783.67898,12783.67898,12783.67898,12783.67898,12783.67898,12783.67898,12783.67898
4.2,258897.5607,223730.9972,192782.4589,165660.2852,141995.8524,121443.4172,103679.8863,88404.50807,75338.48429,64224.50057,54826.17477,46927.42462,40331.75662,34861.47991,30356.85,26675.1492,23689.71139,21288.90054,19375.0536,17863.39909,16680.96377,15765.48016,15064.30767,14533.38,14136.19071,13842.82787,13756.72475,13614.26846,13450.5707,13340.25882,13267.40123,13220.40698,13190.40001,13171.66413,13160.18684,13153.328,13149.31746,13147.02896,13145.76111,13145.07581,13144.71791,13144.53691,13144.44832,13144.40672,13144.38788,13144.37975,13144.3764,13144.37509,13144.3746,13144.37443,13144.37438,13144.37436,13144.37436,13144.37436,13144.37436,13144.37436,13144.37436,13144.37436,13144.37436,13144.37436,13144.37436,13144.37436,13144.37436,13144.37436,13144.37436,13144.37436,13144.37436,13144.37436,13144.37436,13144.37436,13144.37436,13144.37436,13144.37436,13144.37436
4.3,259258.6081,224092.0446,193143.5063,166021.3326,142356.8998,121804.4646,104040.9337,88765.55546,75699.53168,64585.54796,55187.22216,47288.47201,40692.80402,35222.5273,30717.89739,27036.1966,24050.75878,21649.94793,19736.101,18224.44648,17042.01116,16126.52755,15425.35506,14894.42739,14497.2381,14203.87526,14117.77214,13975.31586,13811.61809,13701.30621,13628.44862,13581.45437,13551.4474,13532.71152,13521.23423,13514.37539,13510.36485,13508.07635,13506.8085,13506.1232,13505.76531,13505.5843,13505.49571,13505.45411,13505.43527,13505.42714,13505.42379,13505.42248,13505.42199,13505.42182,13505.42177,13505.42175,13505.42175,13505.42175,13505.42175,13505.42175,13505.42175,13505.42175,13505.42175,13505.42175,13505.42175,13505.42175,13505.42175,13505.42175,13505.42175,13505.42175,13505.42175,13505.42175,13505.42175,13505.42175,13505.42175,13505.42175,13505.42175,13505.42175
4.4,259619.9749,224453.4115,193504.8731,166382.6994,142718.2666,122165.8314,104402.3005,89126.9223,76060.89852,64946.9148,55548.58899,47649.83884,41054.17085,35583.89413,31079.26423,27397.56343,24412.12562,22011.31477,20097.46783,18585.81332,17403.378,16487.89439,15786.7219,15255.79423,14858.60494,14565.2421,14479.13898,14336.68269,14172.98493,14062.67305,13989.81546,13942.82121,13912.81424,13894.07836,13882.60107,13875.74223,13871.73169,13869.44319,13868.17534,13867.49004,13867.13214,13866.95114,13866.86255,13866.82094,13866.80211,13866.79398,13866.79063,13866.78931,13866.78883,13866.78866,13866.78861,13866.78859,13866.78859,13866.78859,13866.78859,13866.78859,13866.78859,13866.78859,13866.78859,13866.78859,13866.78859,13866.78859,13866.78859,13866.78859,13866.78859,13866.78859,13866.78859,13866.78859,13866.78859,13866.78859,13866.78859,13866.78859,13866.78859,13866.78859
4.5,259981.6316,224815.0682,193866.5299,166744.3562,143079.9233,122527.4882,104763.9573,89488.57903,76422.55525,65308.57153,55910.24572,48011.49557,41415.82758,35945.55086,31440.92096,27759.22016,24773.78235,22372.9715,20459.12456,18947.47005,17765.03473,16849.55111,16148.37862,15617.45096,15220.26167,14926.89883,14840.79571,14698.33942,14534.64166,14424.32978,14351.47219,14304.47794,14274.47097,14255.73509,14244.25779,14237.39896,14233.38842,14231.09992,14229.83207,14229.14677,14228.78887,14228.60787,14228.51927,14228.47767,14228.45883,14228.45071,14228.44736,14228.44604,14228.44556,14228.44539,14228.44534,14228.44532,14228.44532,14228.44531,14228.44531,14228.44531,14228.44531,14228.44531,14228.44531,14228.44531,14228.44531,14228.44531,14228.44531,14228.44531,14228.44531,14228.44531,14228.44531,14228.44531,14228.44531,14228.44531,14228.44531,14228.44531,14228.44531,14228.44531
4.6,260343.5514,225176.988,194228.4497,167106.276,143441.8431,122889.408,105125.8771,89850.49883,76784.47505,65670.49132,56272.16552,48373.41537,41777.74738,36307.47066,31802.84075,28121.13996,25135.70214,22734.8913,20821.04436,19309.38985,18126.95452,17211.47091,16510.29842,15979.37075,15582.18147,15288.81863,15202.7155,15060.25922,14896.56145,14786.24958,14713.39199,14666.39774,14636.39077,14617.65489,14606.17759,14599.31876,14595.30822,14593.01972,14591.75187,14591.06657,14590.70867,14590.52767,14590.43907,14590.39747,14590.37863,14590.37051,14590.36715,14590.36584,14590.36536,14590.36519,14590.36513,14590.36512,14590.36511,14590.36511,14590.36511,14590.36511,14590.36511,14590.36511,14590.36511,14590.36511,14590.36511,14590.36511,14590.36511,14590.36511,14590.36511,14590.36511,14590.36511,14590.36511,14590.36511,14590.36511,14590.36511,14590.36511,14590.36511,14590.36511
4.7,260705.7099,225539.1465,194590.6082,167468.4345,143804.0017,123251.5665,105488.0356,90212.65735,77146.63357,66032.64985,56634.32405,48735.5739,42139.90591,36669.62919,32164.99928,28483.29849,25497.86067,23097.04982,21183.20289,19671.54837,18489.11305,17573.62944,16872.45695,16341.52928,15944.33999,15650.97715,15564.87403,15422.41775,15258.71998,15148.4081,15075.55051,15028.55626,14998.54929,14979.81341,14968.33612,14961.47728,14957.46674,14955.17824,14953.91039,14953.22509,14952.8672,14952.68619,14952.5976,14952.556,14952.53716,14952.52903,14952.52568,14952.52437,14952.52388,14952.52371,14952.52366,14952.52364,14952.52364,14952.52364,14952.52364,14952.52364,14952.52364,14952.52364,14952.52364,14952.52364,14952.52364,14952.52364,14952.52364,14952.52364,14952.52364,14952.52364,14952.52364,14952.52364,14952.52364,14952.52364,14952.52364,14952.52364,14952.52364,14952.52364
4.8,261068.0851,225901.5217,194952.9834,167830.8097,144166.3768,123613.9417,105850.4108,90575.03252,77509.00874,66395.02502,56996.69921,49097.94906,42502.28107,37032.00435,32527.37445,28845.67365,25860.23584,23459.42499,21545.57805,20033.92354,18851.48822,17936.0046,17234.83211,16703.90445,16306.71516,16013.35232,15927.2492,15784.79291,15621.09515,15510.78327,15437.92568,15390.93143,15360.92446,15342.18858,15330.71128,15323.85245,15319.84191,15317.55341,15316.28556,15315.60026,15315.24236,15315.06136,15314.97276,15314.93116,15314.91232,15314.9042,15314.90085,15314.89953,15314.89905,15314.89888,15314.89883,15314.89881,15314.89881,15314.8988,15314.8988,15314.8988,15314.8988,15314.8988,15314.8988,15314.8988,15314.8988,15314.8988,15314.8988,15314.8988,15314.8988,15314.8988,15314.8988,15314.8988,15314.8988,15314.8988,15314.8988,15314.8988,15314.8988,15314.8988
4.9,261430.6569,226264.0934,195315.5551,168193.3814,144528.9486,123976.5134,106212.9825,90937.60428,77871.5805,66757.59678,57359.27098,49460.52083,42864.85284,37394.57612,32889.94621,29208.24542,26222.8076,23821.99675,21908.14982,20396.4953,19214.05998,18298.57637,17597.40388,17066.47621,16669.28692,16375.92408,16289.82096,16147.36468,15983.66691,15873.35504,15800.49744,15753.5032,15723.49623,15704.76035,15693.28305,15686.42422,15682.41367,15680.12517,15678.85732,15678.17202,15677.81413,15677.63312,15677.54453,15677.50293,15677.48409,15677.47596,15677.47261,15677.4713,15677.47081,15677.47064,15677.47059,15677.47057,15677.47057,15677.47057,15677.47057,15677.47057,15677.47057,15677.47057,15677.47057,15677.47057,15677.47057,15677.47057,15677.47057,15677.47057,15677.47057,15677.47057,15677.47057,15677.47057,15677.47057,15677.47057,15677.47057,15677.47057,15677.47057,15677.47057
5.0,261793.407,226626.8436,195678.3053,168556.1316,144891.6988,124339.2636,106575.7327,91300.35445,78234.33067,67120.34695,57722.02115,49823.271,43227.60301,37757.32629,33252.69638,29570.99559,26585.55777,24184.74692,22270.89999,20759.24547,19576.81015,18661.32654,17960.15405,17429.22638,17032.03709,16738.67425,16652.57113,16510.11485,16346.41708,16236.10521,16163.24762,16116.25337,16086.2464,16067.51052,16056.03322,16049.17439,16045.16384,16042.87534,16041.60749,16040.92219,16040.5643,16040.38329,16040.2947,16040.2531,16040.23426,16040.22613,16040.22278,16040.22147,16040.22098,16040.22082,16040.22076,16040.22074,16040.22074,16040.22074,16040.22074,16040.22074,16040.22074,16040.22074,16040.22074,16040.22074,16040.22074,16040.22074,16040.22074,16040.22074,16040.22074,16040.22074,16040.22074,16040.22074,16040.22074,16040.22074,16040.22074,16040.22074,16040.22074,16040.22074
5.1,262156.3191,226989.7557,196041.2174,168919.0437,145254.6108,124702.1757,106938.6448,91663.26652,78597.24274,67483.25902,58084.93322,50186.18307,43590.51508,38120.23836,33615.60845,29933.90766,26948.46984,24547.65899,22633.81206,21122.15754,19939.72222,19024.23861,18323.06612,17792.13845,17394.94916,17101.58632,17015.4832,16873.02692,16709.32915,16599.01728,16526.15969,16479.16544,16449.15847,16430.42259,16418.94529,16412.08646,16408.07592,16405.78741,16404.51956,16403.83426,16403.47637,16403.29536,16403.20677,16403.16517,16403.14633,16403.1382,16403.13485,16403.13354,16403.13305,16403.13289,16403.13283,16403.13281,16403.13281,16403.13281,16403.13281,16403.13281,16403.13281,16403.13281,16403.13281,16403.13281,16403.13281,16403.13281,16403.13281,16403.13281,16403.13281,16403.13281,16403.13281,16403.13281,16403.13281,16403.13281,16403.13281,16403.13281,16403.13281,16403.13281
5.2,262519.3781,227352.8147,196404.2764,169282.1026,145617.6698,125065.2346,107301.7038,92026.32552,78960.30174,67846.31801,58447.99221,50549.24206,43953.57407,38483.29735,33978.66744,30296.96665,27311.52883,24910.71799,22996.87105,21485.21653,20302.78121,19387.2976,18686.12511,18155.19744,17758.00816,17464.64531,17378.54219,17236.08591,17072.38814,16962.07627,16889.21868,16842.22443,16812.21746,16793.48158,16782.00428,16775.14545,16771.13491,16768.8464,16767.57856,16766.89325,16766.53536,16766.35435,16766.26576,16766.22416,16766.20532,16766.19719,16766.19384,16766.19253,16766.19204,16766.19188,16766.19182,16766.19181,16766.1918,16766.1918,16766.1918,16766.1918,16766.1918,16766.1918,16766.1918,16766.1918,16766.1918,16766.1918,16766.1918,16766.1918,16766.1918,16766.1918,16766.1918,16766.1918,16766.1918,16766.1918,16766.1918,16766.1918,16766.1918,16766.1918
5.3,262882.5704,227716.007,196767.4687,169645.295,145980.8621,125428.427,107664.8961,92389.51783,79323.49405,68209.51033,58811.18453,50912.43438,44316.76639,38846.48967,34341.85976,30660.15896,27674.72115,25273.9103,23360.06337,21848.40885,20665.97353,19750.48992,19049.31743,18518.38976,18121.20047,17827.83763,17741.73451,17599.27823,17435.58046,17325.26858,17252.41099,17205.41674,17175.40977,17156.67389,17145.1966,17138.33776,17134.32722,17132.03872,17130.77087,17130.08557,17129.72767,17129.54667,17129.45808,17129.41648,17129.39764,17129.38951,17129.38616,17129.38485,17129.38436,17129.38419,17129.38414,17129.38412,17129.38412,17129.38412,17129.38412,17129.38412,17129.38412,17129.38412,17129.38412,17129.38412,17129.38412,17129.38412,17129.38412,17129.38412,17129.38412,17129.38412,17129.38412,17129.38412,17129.38412,17129.38412,17129.38412,17129.38412,17129.38412,17129.38412
5.4,263245.8837,228079.3203,197130.782,170008.6083,146344.1755,125791.7403,108028.2094,92752.83114,79686.80736,68572.82364,59174.49784,51275.74769,44680.07969,39209.80298,34705.17307,31023.47227,28038.03446,25637.22361,23723.37667,22211.72216,21029.28684,20113.80323,19412.63074,18881.70307,18484.51378,18191.15094,18105.04782,17962.59153,17798.89377,17688.58189,17615.7243,17568.73005,17538.72308,17519.9872,17508.50991,17501.65107,17497.64053,17495.35203,17494.08418,17493.39888,17493.04098,17492.85998,17492.77139,17492.72979,17492.71095,17492.70282,17492.69947,17492.69816,17492.69767,17492.6975,17492.69745,17492.69743,17492.69743,17492.69743,17492.69743,17492.69743,17492.69743,17492.69743,17492.69743,17492.69743,17492.69743,17492.69743,17492.69743,17492.69743,17492.69743,17492.69743,17492.69743,17492.69743,17492.69743,17492.69743,17492.69743,17492.69743,17492.69743,17492.69743
5.5,263609.3068,228442.7434,197494.2051,170372.0314,146707.5986,126155.1634,108391.6325,93116.25425,80050.23047,68936.24674,59537.92094,51639.17079,45043.5028,39573.22608,35068.59617,31386.89538,28401.45756,26000.64672,24086.79978,22575.14527,21392.70994,20477.22633,19776.05384,19245.12617,18847.93689,18554.57405,18468.47092,18326.01464,18162.31687,18052.005,17979.14741,17932.15316,17902.14619,17883.41031,17871.93301,17865.07418,17861.06364,17858.77514,17857.50729,17856.82199,17856.46409,17856.28309,17856.19449,17856.15289,17856.13405,17856.12593,17856.12257,17856.12126,17856.12078,17856.12061,17856.12055,17856.12054,17856.12053,17856.12053,17856.12053,17856.12053,17856.12053,17856.12053,17856.12053,17856.12053,17856.12053,17856.12053,17856.12053,17856.12053,17856.12053,17856.12053,17856.12053,17856.12053,17856.12053,17856.12053,17856.12053,17856.12053,17856.12053,17856.12053
5.6,263972.8296,228806.2662,197857.7278,170735.5541,147071.1213,126518.6861,108755.1552,93479.77699,80413.75321,69299.76949,59901.44368,52002.69353,45407.02554,39936.74882,35432.11892,31750.41812,28764.98031,26364.16946,24450.32252,22938.66801,21756.23269,20840.74908,20139.57658,19608.64892,19211.45963,18918.09679,18831.99367,18689.53738,18525.83962,18415.52774,18342.67015,18295.6759,18265.66893,18246.93305,18235.45575,18228.59692,18224.58638,18222.29788,18221.03003,18220.34473,18219.98683,18219.80583,18219.71723,18219.67563,18219.6568,18219.64867,18219.64532,18219.644,18219.64352,18219.64335,18219.6433,18219.64328,18219.64328,18219.64327,18219.64327,18219.64327,18219.64327,18219.64327,18219.64327,18219.64327,18219.64327,18219.64327,18219.64327,18219.64327,18219.64327,18219.64327,18219.64327,18219.64327,18219.64327,18219.64327,18219.64327,18219.64327,18219.64327,18219.64327
5.7,264336.4427,229169.8793,198221.341,171099.1673,147434.7345,126882.2993,109118.7684,93843.39015,80777.36637,69663.38265,60265.05685,52366.3067,45770.63871,40300.36199,35795.73208,32114.03128,29128.59347,26727.78262,24813.93569,23302.28117,22119.84585,21204.36224,20503.18975,19972.26208,19575.07279,19281.70995,19195.60683,19053.15055,18889.45278,18779.1409,18706.28331,18659.28906,18629.28209,18610.54621,18599.06892,18592.21008,18588.19954,18585.91104,18584.64319,18583.95789,18583.59999,18583.41899,18583.3304,18583.2888,18583.26996,18583.26183,18583.25848,18583.25717,18583.25668,18583.25651,18583.25646,18583.25644,18583.25644,18583.25644,18583.25644,18583.25644,18583.25644,18583.25644,18583.25644,18583.25644,18583.25644,18583.25644,18583.25644,18583.25644,18583.25644,18583.25644,18583.25644,18583.25644,18583.25644,18583.25644,18583.25644,18583.25644,18583.25644,18583.25644
5.8,264700.138,229533.5745,198585.0362,171462.8625,147798.4297,127245.9945,109482.4636,94207.08537,81141.06159,70027.07786,60628.75206,52730.00191,46134.33392,40664.0572,36159.42729,32477.7265,29492.28869,27091.47784,25177.6309,23665.97639,22483.54106,21568.05745,20866.88496,20335.95729,19938.76801,19645.40517,19559.30204,19416.84576,19253.148,19142.83612,19069.97853,19022.98428,18992.97731,18974.24143,18962.76413,18955.9053,18951.89476,18949.60626,18948.33841,18947.65311,18947.29521,18947.11421,18947.02561,18946.98401,18946.96517,18946.95705,18946.95369,18946.95238,18946.9519,18946.95173,18946.95167,18946.95166,18946.95165,18946.95165,18946.95165,18946.95165,18946.95165,18946.95165,18946.95165,18946.95165,18946.95165,18946.95165,18946.95165,18946.95165,18946.95165,18946.95165,18946.95165,18946.95165,18946.95165,18946.95165,18946.95165,18946.95165,18946.95165,18946.95165
5.9,265063.9076,229897.3442,198948.8059,171826.6322,148162.1994,127609.7642,109846.2333,94570.85504,81504.83126,70390.84754,60992.52174,53093.77159,46498.1036,41027.82688,36523.19697,32841.49618,29856.05836,27455.24751,25541.40058,24029.74606,22847.31074,21931.82713,21230.65464,20699.72697,20302.53768,20009.17484,19923.07172,19780.61544,19616.91767,19506.6058,19433.74821,19386.75396,19356.74699,19338.01111,19326.53381,19319.67498,19315.66444,19313.37593,19312.10808,19311.42278,19311.06489,19310.88388,19310.79529,19310.75369,19310.73485,19310.72672,19310.72337,19310.72206,19310.72157,19310.72141,19310.72135,19310.72133,19310.72133,19310.72133,19310.72133,19310.72133,19310.72133,19310.72133,19310.72133,19310.72133,19310.72133,19310.72133,19310.72133,19310.72133,19310.72133,19310.72133,19310.72133,19310.72133,19310.72133,19310.72133,19310.72133,19310.72133,19310.72133,19310.72133
6.0,265427.7449,230261.1815,199312.6431,172190.4694,148526.0366,127973.6014,110210.0705,94934.69229,81868.66851,70754.68479,61356.35899,53457.60884,46861.94085,41391.66413,36887.03422,33205.33343,30219.89561,27819.08476,25905.23783,24393.58331,23211.14799,22295.66438,21594.49189,21063.56422,20666.37493,20373.01209,20286.90897,20144.45269,19980.75492,19870.44304,19797.58545,19750.5912,19720.58423,19701.84836,19690.37106,19683.51222,19679.50168,19677.21318,19675.94533,19675.26003,19674.90214,19674.72113,19674.63254,19674.59094,19674.5721,19674.56397,19674.56062,19674.55931,19674.55882,19674.55865,19674.5586,19674.55858,19674.55858,19674.55858,19674.55858,19674.55858,19674.55858,19674.55858,19674.55858,19674.55858,19674.55858,19674.55858,19674.55858,19674.55858,19674.55858,19674.55858,19674.55858,19674.55858,19674.55858,19674.55858,19674.55858,19674.55858,19674.55858,19674.55858
6.1,265791.6434,230625.08,199676.5417,172554.368,148889.9352,128337.5,110573.9691,95298.59086,82232.56708,71118.58336,61720.25756,53821.50741,47225.83941,41755.5627,37250.93279,33569.23199,30583.79418,28182.98333,26269.13639,24757.48188,23575.04656,22659.56295,21958.39046,21427.46279,21030.2735,20736.91066,20650.80754,20508.35125,20344.65349,20234.34161,20161.48402,20114.48977,20084.4828,20065.74692,20054.26963,20047.41079,20043.40025,20041.11175,20039.8439,20039.1586,20038.8007,20038.6197,20038.53111,20038.48951,20038.47067,20038.46254,20038.45919,20038.45788,20038.45739,20038.45722,20038.45717,20038.45715,20038.45715,20038.45715,20038.45715,20038.45715,20038.45715,20038.45715,20038.45715,20038.45715,20038.45715,20038.45715,20038.45715,20038.45715,20038.45715,20038.45715,20038.45715,20038.45715,20038.45715,20038.45715,20038.45715,20038.45715,20038.45715,20038.45715
6.2,266155.5977,230989.0342,200040.4959,172918.3222,149253.8894,128701.4542,110937.9233,95662.54508,82596.5213,71482.53757,62084.21177,54185.46162,47589.79363,42119.51691,37614.887,33933.18621,30947.74839,28546.93755,26633.09061,25121.4361,23939.00077,23023.51716,22322.34467,21791.417,21394.22772,21100.86488,21014.76175,20872.30547,20708.6077,20598.29583,20525.43824,20478.44399,20448.43702,20429.70114,20418.22384,20411.36501,20407.35447,20405.06597,20403.79812,20403.11282,20402.75492,20402.57392,20402.48532,20402.44372,20402.42488,20402.41676,20402.4134,20402.41209,20402.41161,20402.41144,20402.41138,20402.41137,20402.41136,20402.41136,20402.41136,20402.41136,20402.41136,20402.41136,20402.41136,20402.41136,20402.41136,20402.41136,20402.41136,20402.41136,20402.41136,20402.41136,20402.41136,20402.41136,20402.41136,20402.41136,20402.41136,20402.41136,20402.41136,20402.41136
6.3,266519.6024,231353.039,200404.5006,173282.3269,149617.8941,129065.4589,111301.928,96026.54979,82960.52601,71846.54229,62448.21648,54549.46633,47953.79834,42483.52162,37978.89172,34297.19092,31311.75311,28910.94226,26997.09532,25485.44081,24303.00549,23387.52187,22686.34938,22155.42172,21758.23243,21464.86959,21378.76647,21236.31018,21072.61242,20962.30054,20889.44295,20842.4487,20812.44173,20793.70585,20782.22855,20775.36972,20771.35918,20769.07068,20767.80283,20767.11753,20766.75963,20766.57863,20766.49003,20766.44843,20766.42959,20766.42147,20766.41812,20766.4168,20766.41632,20766.41615,20766.4161,20766.41608,20766.41608,20766.41607,20766.41607,20766.41607,20766.41607,20766.41607,20766.41607,20766.41607,20766.41607,20766.41607,20766.41607,20766.41607,20766.41607,20766.41607,20766.41607,20766.41607,20766.41607,20766.41607,20766.41607,20766.41607,20766.41607,20766.41607
6.4,266883.6529,231717.0895,200768.5512,173646.3775,149981.9446,129429.5095,111665.9786,96390.60033,83324.57655,72210.59282,62812.26702,54913.51687,48317.84888,42847.57216,38342.94225,34661.24146,31675.80365,29274.9928,27361.14586,25849.49135,24667.05602,23751.57241,23050.39992,22519.47225,22122.28297,21828.92013,21742.817,21600.36072,21436.66296,21326.35108,21253.49349,21206.49924,21176.49227,21157.75639,21146.27909,21139.42026,21135.40972,21133.12122,21131.85337,21131.16807,21130.81017,21130.62917,21130.54057,21130.49897,21130.48013,21130.47201,21130.46865,21130.46734,21130.46686,21130.46669,21130.46663,21130.46662,21130.46661,21130.46661,21130.46661,21130.46661,21130.46661,21130.46661,21130.46661,21130.46661,21130.46661,21130.46661,21130.46661,21130.46661,21130.46661,21130.46661,21130.46661,21130.46661,21130.46661,21130.46661,21130.46661,21130.46661,21130.46661,21130.46661
6.5,267247.745,232081.1816,201132.6433,174010.4696,150346.0368,129793.6016,112030.0707,96754.69245,83688.66867,72574.68495,63176.35915,55277.609,48681.941,43211.66429,38707.03438,35025.33358,32039.89577,29639.08492,27725.23798,26213.58347,25031.14815,24115.66454,23414.49205,22883.56438,22486.37509,22193.01225,22106.90913,21964.45284,21800.75508,21690.4432,21617.58561,21570.59136,21540.58439,21521.84851,21510.37122,21503.51238,21499.50184,21497.21334,21495.94549,21495.26019,21494.90229,21494.72129,21494.6327,21494.5911,21494.57226,21494.56413,21494.56078,21494.55947,21494.55898,21494.55881,21494.55876,21494.55874,21494.55874,21494.55874,21494.55874,21494.55874,21494.55874,21494.55874,21494.55874,21494.55874,21494.55874,21494.55874,21494.55874,21494.55874,21494.55874,21494.55874,21494.55874,21494.55874,21494.55874,21494.55874,21494.55874,21494.55874,21494.55874,21494.55874
6.6,267611.8749,232445.3115,201496.7732,174374.5994,150710.1666,130157.7314,112394.2006,97118.82231,84052.79853,72938.81481,63540.48901,55641.73886,49046.07087,43575.79415,39071.16424,35389.46345,32404.02563,30003.21478,28089.36785,26577.71333,25395.27801,24479.7944,23778.62191,23247.69424,22850.50495,22557.14211,22471.03899,22328.58271,22164.88494,22054.57307,21981.71548,21934.72123,21904.71426,21885.97838,21874.50108,21867.64225,21863.6317,21861.3432,21860.07535,21859.39005,21859.03216,21858.85115,21858.76256,21858.72096,21858.70212,21858.69399,21858.69064,21858.68933,21858.68884,21858.68868,21858.68862,21858.6886,21858.6886,21858.6886,21858.6886,21858.6886,21858.6886,21858.6886,21858.6886,21858.6886,21858.6886,21858.6886,21858.6886,21858.6886,21858.6886,21858.6886,21858.6886,21858.6886,21858.6886,21858.6886,21858.6886,21858.6886,21858.6886,21858.6886
6.7,267976.039,232809.4756,201860.9373,174738.7636,151074.3307,130521.8956,112758.3647,97482.98642,84416.96264,73302.97892,63904.65312,56005.90297,49410.23498,43939.95826,39435.32835,35753.62755,32768.18974,30367.37889,28453.53196,26941.87744,25759.44212,24843.95851,24142.78602,23611.85835,23214.66906,22921.30622,22835.2031,22692.74682,22529.04905,22418.73717,22345.87958,22298.88533,22268.87836,22250.14248,22238.66519,22231.80635,22227.79581,22225.50731,22224.23946,22223.55416,22223.19626,22223.01526,22222.92667,22222.88507,22222.86623,22222.8581,22222.85475,22222.85344,22222.85295,22222.85278,22222.85273,22222.85271,22222.85271,22222.85271,22222.85271,22222.85271,22222.85271,22222.85271,22222.85271,22222.85271,22222.85271,22222.85271,22222.85271,22222.85271,22222.85271,22222.85271,22222.85271,22222.85271,22222.85271,22222.85271,22222.85271,22222.85271,22222.85271,22222.85271
6.8,268340.2342,233173.6708,202225.1324,175102.9587,151438.5259,130886.0907,113122.5599,97847.18161,84781.15783,73667.17411,64268.8483,56370.09815,49774.43016,44304.15344,39799.52353,36117.82274,33132.38493,30731.57408,28817.72714,27306.07263,26123.63731,25208.15369,24506.9812,23976.05354,23578.86425,23285.50141,23199.39828,23056.942,22893.24424,22782.93236,22710.07477,22663.08052,22633.07355,22614.33767,22602.86037,22596.00154,22591.991,22589.7025,22588.43465,22587.74935,22587.39145,22587.21045,22587.12185,22587.08025,22587.06141,22587.05329,22587.04993,22587.04862,22587.04814,22587.04797,22587.04792,22587.0479,22587.04789,22587.04789,22587.04789,22587.04789,22587.04789,22587.04789,22587.04789,22587.04789,22587.04789,22587.04789,22587.04789,22587.04789,22587.04789,22587.04789,22587.04789,22587.04789,22587.04789,22587.04789,22587.04789,22587.04789,22587.04789,22587.04789
6.9,268704.4576,233537.8942,202589.3558,175467.1821,151802.7493,131250.3141,113486.7832,98211.405,85145.38122,74031.39749,64633.07169,56734.32154,50138.65355,44668.37683,40163.74692,36482.04613,33496.60831,31095.79747,29181.95053,27670.29602,26487.86069,25572.37708,24871.20459,24340.27692,23943.08764,23649.7248,23563.62167,23421.16539,23257.46762,23147.15575,23074.29816,23027.30391,22997.29694,22978.56106,22967.08376,22960.22493,22956.21439,22953.92589,22952.65804,22951.97274,22951.61484,22951.43384,22951.34524,22951.30364,22951.2848,22951.27668,22951.27332,22951.27201,22951.27153,22951.27136,22951.2713,22951.27129,22951.27128,22951.27128,22951.27128,22951.27128,22951.27128,22951.27128,22951.27128,22951.27128,22951.27128,22951.27128,22951.27128,22951.27128,22951.27128,22951.27128,22951.27128,22951.27128,22951.27128,22951.27128,22951.27128,22951.27128,22951.27128,22951.27128
7.0,269068.7066,233902.1431,202953.6048,175831.4311,152166.9983,131614.5631,113851.0322,98575.65398,85509.6302,74395.64648,64997.32067,57098.57052,50502.90253,45032.62581,40527.9959,36846.29511,33860.8573,31460.04645,29546.19951,28034.545,26852.10968,25936.62606,25235.45357,24704.52591,24307.33662,24013.97378,23927.87065,23785.41437,23621.71661,23511.40473,23438.54714,23391.55289,23361.54592,23342.81004,23331.33274,23324.47391,23320.46337,23318.17487,23316.90702,23316.22172,23315.86382,23315.68282,23315.59422,23315.55262,23315.53378,23315.52566,23315.5223,23315.52099,23315.52051,23315.52034,23315.52029,23315.52027,23315.52026,23315.52026,23315.52026,23315.52026,23315.52026,23315.52026,23315.52026,23315.52026,23315.52026,23315.52026,23315.52026,23315.52026,23315.52026,23315.52026,23315.52026,23315.52026,23315.52026,23315.52026,23315.52026,23315.52026,23315.52026,23315.52026
7.1,269432.9788,234266.4153,203317.877,176195.7033,152531.2705,131978.8353,114215.3044,98939.92619,85873.90241,74759.91868,65361.59288,57462.84273,50867.17474,45396.89802,40892.26811,37210.56732,34225.1295,31824.31866,29910.47172,28398.8172,27216.38188,26300.89827,25599.72578,25068.79811,24671.60883,24378.24598,24292.14286,24149.68658,23985.98881,23875.67694,23802.81935,23755.8251,23725.81813,23707.08225,23695.60495,23688.74612,23684.73558,23682.44708,23681.17923,23680.49393,23680.13603,23679.95502,23679.86643,23679.82483,23679.80599,23679.79786,23679.79451,23679.7932,23679.79272,23679.79255,23679.79249,23679.79248,23679.79247,23679.79247,23679.79247,23679.79247,23679.79247,23679.79247,23679.79247,23679.79247,23679.79247,23679.79247,23679.79247,23679.79247,23679.79247,23679.79247,23679.79247,23679.79247,23679.79247,23679.79247,23679.79247,23679.79247,23679.79247,23679.79247
7.2,269797.2721,234630.7086,203682.1703,176559.9966,152895.5638,132343.1286,114579.5977,99304.21947,86238.19569,75124.21196,65725.88616,57827.13601,51231.46802,45761.1913,41256.56139,37574.8606,34589.42279,32188.61194,30274.765,28763.11049,27580.67517,26665.19155,25964.01906,25433.0914,25035.90211,24742.53927,24656.43614,24513.97986,24350.2821,24239.97022,24167.11263,24120.11838,24090.11141,24071.37553,24059.89823,24053.0394,24049.02886,24046.74036,24045.47251,24044.78721,24044.42931,24044.24831,24044.15971,24044.11811,24044.09927,24044.09115,24044.08779,24044.08648,24044.086,24044.08583,24044.08578,24044.08576,24044.08575,24044.08575,24044.08575,24044.08575,24044.08575,24044.08575,24044.08575,24044.08575,24044.08575,24044.08575,24044.08575,24044.08575,24044.08575,24044.08575,24044.08575,24044.08575,24044.08575,24044.08575,24044.08575,24044.08575,24044.08575,24044.08575
7.3,270161.5845,234995.021,204046.4827,176924.309,153259.8762,132707.441,114943.9101,99668.53188,86602.5081,75488.52437,66090.19857,58191.44842,51595.78043,46125.50371,41620.8738,37939.17301,34953.73519,32552.92435,30639.07741,29127.4229,27944.98757,27029.50396,26328.33147,25797.4038,25400.21452,25106.85168,25020.74855,24878.29227,24714.5945,24604.28263,24531.42504,24484.43079,24454.42382,24435.68794,24424.21064,24417.35181,24413.34127,24411.05277,24409.78492,24409.09962,24408.74172,24408.56072,24408.47212,24408.43052,24408.41168,24408.40356,24408.4002,24408.39889,24408.39841,24408.39824,24408.39818,24408.39817,24408.39816,24408.39816,24408.39816,24408.39816,24408.39816,24408.39816,24408.39816,24408.39816,24408.39816,24408.39816,24408.39816,24408.39816,24408.39816,24408.39816,24408.39816,24408.39816,24408.39816,24408.39816,24408.39816,24408.39816,24408.39816,24408.39816
7.4,270525.9142,235359.3508,204410.8125,177288.6388,153624.206,133071.7708,115308.2399,100032.8616,86966.83786,75852.85414,66454.52834,58555.77819,51960.1102,46489.83348,41985.20357,38303.50278,35318.06496,32917.25411,31003.40718,29491.75266,28309.31734,27393.83373,26692.66124,26161.73357,25764.54428,25471.18144,25385.07832,25242.62204,25078.92427,24968.61239,24895.7548,24848.76055,24818.75358,24800.0177,24788.54041,24781.68157,24777.67103,24775.38253,24774.11468,24773.42938,24773.07149,24772.89048,24772.80189,24772.76029,24772.74145,24772.73332,24772.72997,24772.72866,24772.72817,24772.728,24772.72795,24772.72793,24772.72793,24772.72793,24772.72793,24772.72793,24772.72793,24772.72793,24772.72793,24772.72793,24772.72793,24772.72793,24772.72793,24772.72793,24772.72793,24772.72793,24772.72793,24772.72793,24772.72793,24772.72793,24772.72793,24772.72793,24772.72793,24772.72793
7.5,270890.2597,235723.6963,204775.158,177652.9843,153988.5515,133436.1163,115672.5854,100397.2072,87331.18338,76217.19966,66818.87385,58920.1237,52324.45571,46854.17899,42349.54909,38667.84829,35682.41048,33281.59963,31367.75269,29856.09818,28673.66286,27758.17924,27057.00675,26526.07909,26128.8898,25835.52696,25749.42384,25606.96755,25443.26979,25332.95791,25260.10032,25213.10607,25183.0991,25164.36322,25152.88592,25146.02709,25142.01655,25139.72805,25138.4602,25137.7749,25137.417,25137.236,25137.1474,25137.1058,25137.08696,25137.07884,25137.07549,25137.07417,25137.07369,25137.07352,25137.07347,25137.07345,25137.07344,25137.07344,25137.07344,25137.07344,25137.07344,25137.07344,25137.07344,25137.07344,25137.07344,25137.07344,25137.07344,25137.07344,25137.07344,25137.07344,25137.07344,25137.07344,25137.07344,25137.07344,25137.07344,25137.07344,25137.07344,25137.07344
7.6,271254.6196,236088.0561,205139.5178,178017.3441,154352.9113,133800.4761,116036.9452,100761.567,87695.54319,76581.55947,67183.23366,59284.48351,52688.81552,47218.5388,42713.90889,39032.2081,36046.77029,33645.95944,31732.1125,30220.45799,29038.02267,28122.53905,27421.36656,26890.4389,26493.24961,26199.88677,26113.78364,25971.32736,25807.6296,25697.31772,25624.46013,25577.46588,25547.45891,25528.72303,25517.24573,25510.3869,25506.37636,25504.08786,25502.82001,25502.13471,25501.77681,25501.59581,25501.50721,25501.46561,25501.44677,25501.43865,25501.43529,25501.43398,25501.4335,25501.43333,25501.43328,25501.43326,25501.43325,25501.43325,25501.43325,25501.43325,25501.43325,25501.43325,25501.43325,25501.43325,25501.43325,25501.43325,25501.43325,25501.43325,25501.43325,25501.43325,25501.43325,25501.43325,25501.43325,25501.43325,25501.43325,25501.43325,25501.43325,25501.43325
7.7,271618.9923,236452.4289,205503.8906,178381.7169,154717.2841,134164.8489,116401.318,101125.9397,88059.91597,76945.93225,67547.60644,59648.85629,53053.1883,47582.91158,43078.28168,39396.58088,36411.14307,34010.33222,32096.48528,30584.83077,29402.39545,28486.91183,27785.73934,27254.81168,26857.62239,26564.25955,26478.15643,26335.70014,26172.00238,26061.6905,25988.83291,25941.83866,25911.83169,25893.09581,25881.61851,25874.75968,25870.74914,25868.46064,25867.19279,25866.50749,25866.14959,25865.96859,25865.87999,25865.83839,25865.81955,25865.81143,25865.80808,25865.80676,25865.80628,25865.80611,25865.80606,25865.80604,25865.80603,25865.80603,25865.80603,25865.80603,25865.80603,25865.80603,25865.80603,25865.80603,25865.80603,25865.80603,25865.80603,25865.80603,25865.80603,25865.80603,25865.80603,25865.80603,25865.80603,25865.80603,25865.80603,25865.80603,25865.80603,25865.80603
7.8,271983.3769,236816.8135,205868.2751,178746.1014,155081.6686,134529.2334,116765.7025,101490.3243,88424.30052,77310.3168,67911.99099,60013.24084,53417.57285,47947.29613,43442.66623,39760.96543,36775.52762,34374.71677,32460.86983,30949.21532,29766.78,28851.29639,28150.1239,27619.19623,27222.00694,26928.6441,26842.54098,26700.08469,26536.38693,26426.07505,26353.21746,26306.22321,26276.21624,26257.48036,26246.00306,26239.14423,26235.13369,26232.84519,26231.57734,26230.89204,26230.53414,26230.35314,26230.26455,26230.22294,26230.20411,26230.19598,26230.19263,26230.19131,26230.19083,26230.19066,26230.19061,26230.19059,26230.19059,26230.19058,26230.19058,26230.19058,26230.19058,26230.19058,26230.19058,26230.19058,26230.19058,26230.19058,26230.19058,26230.19058,26230.19058,26230.19058,26230.19058,26230.19058,26230.19058,26230.19058,26230.19058,26230.19058,26230.19058,26230.19058
7.9,272347.7721,237181.2087,206232.6704,179110.4967,155446.0638,134893.6287,117130.0978,101854.7195,88788.69575,77674.71203,68276.38623,60377.63608,53781.96809,48311.69137,43807.06146,40125.36067,37139.92285,34739.112,32825.26507,31313.61055,30131.17523,29215.69162,28514.51913,27983.59146,27586.40217,27293.03933,27206.93621,27064.47993,26900.78216,26790.47028,26717.61269,26670.61845,26640.61147,26621.8756,26610.3983,26603.53947,26599.52892,26597.24042,26595.97257,26595.28727,26594.92938,26594.74837,26594.65978,26594.61818,26594.59934,26594.59121,26594.58786,26594.58655,26594.58606,26594.58589,26594.58584,26594.58582,26594.58582,26594.58582,26594.58582,26594.58582,26594.58582,26594.58582,26594.58582,26594.58582,26594.58582,26594.58582,26594.58582,26594.58582,26594.58582,26594.58582,26594.58582,26594.58582,26594.58582,26594.58582,26594.58582,26594.58582,26594.58582,26594.58582
8.0,272712.177,237545.6136,206597.0753,179474.9016,155810.4688,135258.0336,117494.5027,102219.1245,89153.10068,78039.11696,68640.79115,60742.041,54146.37301,48676.09629,44171.46639,40489.76559,37504.32778,35103.51693,33189.66999,31678.01548,30495.58016,29580.09654,28878.92405,28347.99639,27950.8071,27657.44426,27571.34114,27428.88485,27265.18709,27154.87521,27082.01762,27035.02337,27005.0164,26986.28052,26974.80322,26967.94439,26963.93385,26961.64535,26960.3775,26959.6922,26959.3343,26959.1533,26959.0647,26959.0231,26959.00426,26958.99614,26958.99279,26958.99147,26958.99099,26958.99082,26958.99077,26958.99075,26958.99075,26958.99074,26958.99074,26958.99074,26958.99074,26958.99074,26958.99074,26958.99074,26958.99074,26958.99074,26958.99074,26958.99074,26958.99074,26958.99074,26958.99074,26958.99074,26958.99074,26958.99074,26958.99074,26958.99074,26958.99074,26958.99074
8.1,273076.5908,237910.0273,206961.489,179839.3153,156174.8825,135622.4473,117858.9164,102583.5382,89517.5144,78403.53068,69005.20488,61106.45473,54510.78674,49040.51002,44535.88011,40854.17931,37868.7415,35467.93065,33554.08372,32042.4292,30859.99388,29944.51027,29243.33778,28712.41011,28315.22082,28021.85798,27935.75486,27793.29858,27629.60081,27519.28893,27446.43134,27399.43709,27369.43012,27350.69424,27339.21695,27332.35811,27328.34757,27326.05907,27324.79122,27324.10592,27323.74802,27323.56702,27323.47843,27323.43683,27323.41799,27323.40986,27323.40651,27323.4052,27323.40471,27323.40454,27323.40449,27323.40447,27323.40447,27323.40447,27323.40447,27323.40447,27323.40447,27323.40447,27323.40447,27323.40447,27323.40447,27323.40447,27323.40447,27323.40447,27323.40447,27323.40447,27323.40447,27323.40447,27323.40447,27323.40447,27323.40447,27323.40447,27323.40447,27323.40447
8.2,273441.0125,238274.4491,207325.9107,180203.737,156539.3042,135986.869,118223.3381,102947.9599,89881.93611,78767.95238,69369.62658,61470.87643,54875.20844,49404.93172,44900.30181,41218.60102,38233.16321,35832.35236,33918.50542,32406.85091,31224.41559,30308.93197,29607.75948,29076.83181,28679.64253,28386.27969,28300.17656,28157.72028,27994.02252,27883.71064,27810.85305,27763.8588,27733.85183,27715.11595,27703.63865,27696.77982,27692.76928,27690.48078,27689.21293,27688.52763,27688.16973,27687.98873,27687.90013,27687.85853,27687.83969,27687.83157,27687.82821,27687.8269,27687.82642,27687.82625,27687.82619,27687.82618,27687.82617,27687.82617,27687.82617,27687.82617,27687.82617,27687.82617,27687.82617,27687.82617,27687.82617,27687.82617,27687.82617,27687.82617,27687.82617,27687.82617,27687.82617,27687.82617,27687.82617,27687.82617,27687.82617,27687.82617,27687.82617,27687.82617
8.3,273805.4414,238638.878,207690.3397,180568.166,156903.7331,136351.298,118587.7671,103312.3888,90246.36506,79132.38133,69734.05553,61835.30538,55239.63739,49769.36067,45264.73076,41583.02997,38597.59215,36196.78131,34282.93437,32771.27986,31588.84453,30673.36092,29972.18843,29441.26076,29044.07148,28750.70864,28664.60551,28522.14923,28358.45146,28248.13959,28175.282,28128.28775,28098.28078,28079.5449,28068.0676,28061.20877,28057.19823,28054.90973,28053.64188,28052.95658,28052.59868,28052.41768,28052.32908,28052.28748,28052.26864,28052.26052,28052.25716,28052.25585,28052.25537,28052.2552,28052.25514,28052.25513,28052.25512,28052.25512,28052.25512,28052.25512,28052.25512,28052.25512,28052.25512,28052.25512,28052.25512,28052.25512,28052.25512,28052.25512,28052.25512,28052.25512,28052.25512,28052.25512,28052.25512,28052.25512,28052.25512,28052.25512,28052.25512,28052.25512
8.4,274169.8769,239003.3135,208054.7752,180932.6015,157268.1687,136715.7335,118952.2026,103676.8244,90610.80058,79496.81686,70098.49105,62199.7409,55604.07291,50133.79619,45629.16629,41947.46549,38962.02768,36561.21683,34647.36989,33135.71538,31953.28006,31037.79645,30336.62396,29805.69629,29408.507,29115.14416,29029.04104,28886.58475,28722.88699,28612.57511,28539.71752,28492.72327,28462.7163,28443.98042,28432.50313,28425.64429,28421.63375,28419.34525,28418.0774,28417.3921,28417.0342,28416.8532,28416.76461,28416.723,28416.70417,28416.69604,28416.69269,28416.69137,28416.69089,28416.69072,28416.69067,28416.69065,28416.69065,28416.69065,28416.69065,28416.69064,28416.69064,28416.69064,28416.69064,28416.69064,28416.69064,28416.69064,28416.69064,28416.69064,28416.69064,28416.69064,28416.69064,28416.69064,28416.69064,28416.69064,28416.69064,28416.69064,28416.69064,28416.69064
8.5,274534.3184,239367.755,208419.2167,181297.043,157632.6102,137080.175,119316.6441,104041.2658,90975.24207,79861.25835,70462.93254,62564.18239,55968.5144,50498.23768,45993.60778,42311.90698,39326.46917,36925.65832,35011.81138,33500.15687,32317.72155,31402.23793,30701.06544,30170.13778,29772.94849,29479.58565,29393.48253,29251.02624,29087.32848,28977.0166,28904.15901,28857.16476,28827.15779,28808.42191,28796.94461,28790.08578,28786.07524,28783.78674,28782.51889,28781.83359,28781.47569,28781.29469,28781.20609,28781.16449,28781.14565,28781.13753,28781.13418,28781.13286,28781.13238,28781.13221,28781.13216,28781.13214,28781.13214,28781.13213,28781.13213,28781.13213,28781.13213,28781.13213,28781.13213,28781.13213,28781.13213,28781.13213,28781.13213,28781.13213,28781.13213,28781.13213,28781.13213,28781.13213,28781.13213,28781.13213,28781.13213,28781.13213,28781.13213,28781.13213
8.6,274898.7653,239732.2019,208783.6636,181661.4899,157997.0571,137444.6219,119681.091,104405.7128,91339.68897,80225.70525,70827.37945,62928.6293,56332.96131,50862.68459,46358.05468,42676.35388,39690.91607,37290.10522,35376.25829,33864.60377,32682.16845,31766.68484,31065.51235,30534.58468,30137.39539,29844.03255,29757.92943,29615.47315,29451.77538,29341.4635,29268.60591,29221.61166,29191.60469,29172.86881,29161.39152,29154.53268,29150.52214,29148.23364,29146.96579,29146.28049,29145.92259,29145.74159,29145.653,29145.6114,29145.59256,29145.58443,29145.58108,29145.57977,29145.57928,29145.57911,29145.57906,29145.57904,29145.57904,29145.57904,29145.57904,29145.57904,29145.57904,29145.57904,29145.57904,29145.57904,29145.57904,29145.57904,29145.57904,29145.57904,29145.57904,29145.57904,29145.57904,29145.57904,29145.57904,29145.57904,29145.57904,29145.57904,29145.57904,29145.57904
8.7,275263.2172,240096.6537,209148.1154,182025.9417,158361.5089,137809.0737,120045.5428,104770.1646,91704.14079,80590.15706,71191.83126,63293.08111,56697.41312,51227.1364,46722.50649,43040.8057,40055.36789,37654.55704,35740.7101,34229.05559,33046.62026,32131.13665,31429.96416,30899.03649,30501.84721,30208.48437,30122.38124,29979.92496,29816.2272,29705.91532,29633.05773,29586.06348,29556.05651,29537.32063,29525.84333,29518.9845,29514.97396,29512.68546,29511.41761,29510.73231,29510.37441,29510.19341,29510.10481,29510.06321,29510.04437,29510.03625,29510.03289,29510.03158,29510.0311,29510.03093,29510.03087,29510.03086,29510.03085,29510.03085,29510.03085,29510.03085,29510.03085,29510.03085,29510.03085,29510.03085,29510.03085,29510.03085,29510.03085,29510.03085,29510.03085,29510.03085,29510.03085,29510.03085,29510.03085,29510.03085,29510.03085,29510.03085,29510.03085,29510.03085
8.8,275627.6734,240461.11,209512.5717,182390.398,158725.9652,138173.53,120409.9991,105134.6208,92068.59706,80954.61334,71556.28753,63657.53738,57061.86939,51591.59267,47086.96277,43405.26197,40419.82416,38019.01331,36105.16637,34593.51186,33411.07654,32495.59293,31794.42044,31263.49277,30866.30348,30572.94064,30486.83752,30344.38123,30180.68347,30070.37159,29997.514,29950.51975,29920.51278,29901.7769,29890.29961,29883.44077,29879.43023,29877.14173,29875.87388,29875.18858,29874.83068,29874.64968,29874.56109,29874.51948,29874.50065,29874.49252,29874.48917,29874.48785,29874.48737,29874.4872,29874.48715,29874.48713,29874.48713,29874.48713,29874.48713,29874.48713,29874.48713,29874.48713,29874.48713,29874.48713,29874.48713,29874.48713,29874.48713,29874.48713,29874.48713,29874.48713,29874.48713,29874.48713,29874.48713,29874.48713,29874.48713,29874.48713,29874.48713,29874.48713
8.9,275992.1337,240825.5703,209877.032,182754.8583,159090.4255,138537.9903,120774.4594,105499.0812,92433.05738,81319.07366,71920.74785,64021.9977,57426.32971,51956.05299,47451.42309,43769.72229,40784.28448,38383.47363,36469.62669,34957.97218,33775.53686,32860.05325,32158.88076,31627.95309,31230.7638,30937.40096,30851.29784,30708.84155,30545.14379,30434.83191,30361.97432,30314.98007,30284.9731,30266.23722,30254.75993,30247.90109,30243.89055,30241.60205,30240.3342,30239.6489,30239.291,30239.11,30239.02141,30238.9798,30238.96097,30238.95284,30238.94949,30238.94817,30238.94769,30238.94752,30238.94747,30238.94745,30238.94745,30238.94745,30238.94744,30238.94744,30238.94744,30238.94744,30238.94744,30238.94744,30238.94744,30238.94744,30238.94744,30238.94744,30238.94744,30238.94744,30238.94744,30238.94744,30238.94744,30238.94744,30238.94744,30238.94744,30238.94744,30238.94744
9.0,276356.5977,241190.0343,210241.496,183119.3223,159454.8895,138902.4543,121138.9234,105863.5452,92797.52137,81683.53765,72285.21184,64386.46169,57790.7937,52320.51698,47815.88708,44134.18628,41148.74847,38747.93762,36834.09068,35322.43617,34140.00085,33224.51724,32523.34475,31992.41708,31595.22779,31301.86495,31215.76183,31073.30554,30909.60778,30799.2959,30726.43831,30679.44406,30649.43709,30630.70121,30619.22392,30612.36508,30608.35454,30606.06604,30604.79819,30604.11289,30603.75499,30603.57399,30603.4854,30603.44379,30603.42496,30603.41683,30603.41348,30603.41216,30603.41168,30603.41151,30603.41146,30603.41144,30603.41144,30603.41144,30603.41144,30603.41144,30603.41144,30603.41144,30603.41144,30603.41144,30603.41144,30603.41144,30603.41144,30603.41144,30603.41144,30603.41144,30603.41144,30603.41144,30603.41144,30603.41144,30603.41144,30603.41144,30603.41144,30603.41144
9.1,276721.0651,241554.5016,210605.9633,183483.7896,159819.3568,139266.9216,121503.3907,106228.0125,93161.98869,82048.00497,72649.67917,64750.92902,58155.26103,52684.98431,48180.3544,44498.65361,41513.21579,39112.40494,37198.55801,35686.90349,34504.46817,33588.98456,32887.81207,32356.8844,31959.69511,31666.33227,31580.22915,31437.77287,31274.0751,31163.76323,31090.90563,31043.91139,31013.90442,30995.16854,30983.69124,30976.83241,30972.82186,30970.53336,30969.26551,30968.58021,30968.22232,30968.04131,30967.95272,30967.91112,30967.89228,30967.88415,30967.8808,30967.87949,30967.879,30967.87883,30967.87878,30967.87876,30967.87876,30967.87876,30967.87876,30967.87876,30967.87876,30967.87876,30967.87876,30967.87876,30967.87876,30967.87876,30967.87876,30967.87876,30967.87876,30967.87876,30967.87876,30967.87876,30967.87876,30967.87876,30967.87876,30967.87876,30967.87876,30967.87876
9.2,277085.5354,241918.972,210970.4337,183848.26,160183.8271,139631.3919,121867.8611,106592.4828,93526.45904,82412.47532,73014.14951,65115.39936,58519.73137,53049.45465,48544.82475,44863.12395,41877.68614,39476.87529,37563.02835,36051.37384,34868.93852,33953.4549,33252.28241,32721.35475,32324.16546,32030.80262,31944.6995,31802.24321,31638.54545,31528.23357,31455.37598,31408.38173,31378.37476,31359.63888,31348.16158,31341.30275,31337.29221,31335.00371,31333.73586,31333.05056,31332.69266,31332.51166,31332.42306,31332.38146,31332.36262,31332.3545,31332.35115,31332.34983,31332.34935,31332.34918,31332.34913,31332.34911,31332.3491,31332.3491,31332.3491,31332.3491,31332.3491,31332.3491,31332.3491,31332.3491,31332.3491,31332.3491,31332.3491,31332.3491,31332.3491,31332.3491,31332.3491,31332.3491,31332.3491,31332.3491,31332.3491,31332.3491,31332.3491,31332.3491
9.3,277450.0085,242283.4451,211334.9067,184212.733,160548.3002,139995.865,122232.3342,106956.9559,93890.93213,82776.94841,73378.6226,65479.87245,58884.20446,53413.92774,48909.29783,45227.59704,42242.15923,39841.34838,37927.50144,36415.84693,35233.41161,34317.92799,33616.7555,33085.82784,32688.63855,32395.27571,32309.17258,32166.7163,32003.01854,31892.70666,31819.84907,31772.85482,31742.84785,31724.11197,31712.63467,31705.77584,31701.7653,31699.4768,31698.20895,31697.52365,31697.16575,31696.98475,31696.89615,31696.85455,31696.83571,31696.82759,31696.82423,31696.82292,31696.82244,31696.82227,31696.82222,31696.8222,31696.82219,31696.82219,31696.82219,31696.82219,31696.82219,31696.82219,31696.82219,31696.82219,31696.82219,31696.82219,31696.82219,31696.82219,31696.82219,31696.82219,31696.82219,31696.82219,31696.82219,31696.82219,31696.82219,31696.82219,31696.82219,31696.82219
9.4,277814.4841,242647.9207,211699.3823,184577.2086,160912.7758,140360.3406,122596.8097,107321.4315,94255.40771,83141.42398,73743.09818,65844.34803,59248.68004,53778.40332,49273.77341,45592.07262,42606.63481,40205.82396,38291.97702,36780.32251,35597.88719,34682.40357,33981.23108,33450.30341,33053.11413,32759.75129,32673.64816,32531.19188,32367.49412,32257.18224,32184.32465,32137.3304,32107.32343,32088.58755,32077.11025,32070.25142,32066.24088,32063.95238,32062.68453,32061.99923,32061.64133,32061.46033,32061.37173,32061.33013,32061.31129,32061.30317,32061.29981,32061.2985,32061.29802,32061.29785,32061.29779,32061.29778,32061.29777,32061.29777,32061.29777,32061.29777,32061.29777,32061.29777,32061.29777,32061.29777,32061.29777,32061.29777,32061.29777,32061.29777,32061.29777,32061.29777,32061.29777,32061.29777,32061.29777,32061.29777,32061.29777,32061.29777,32061.29777,32061.29777
9.5,278178.9619,243012.3985,212063.8602,184941.6865,161277.2536,140724.8185,122961.2876,107685.9093,94619.88555,83505.90182,74107.57602,66208.82587,59613.15788,54142.88116,49638.25125,45956.55046,42971.11264,40570.3018,38656.45486,37144.80035,35962.36502,35046.88141,34345.70892,33814.78125,33417.59197,33124.22913,33038.126,32895.66972,32731.97195,32621.66008,32548.80249,32501.80824,32471.80127,32453.06539,32441.58809,32434.72926,32430.71872,32428.43022,32427.16237,32426.47707,32426.11917,32425.93817,32425.84957,32425.80797,32425.78913,32425.78101,32425.77765,32425.77634,32425.77586,32425.77569,32425.77563,32425.77562,32425.77561,32425.77561,32425.77561,32425.77561,32425.77561,32425.77561,32425.77561,32425.77561,32425.77561,32425.77561,32425.77561,32425.77561,32425.77561,32425.77561,32425.77561,32425.77561,32425.77561,32425.77561,32425.77561,32425.77561,32425.77561,32425.77561
9.6,278543.4418,243376.8784,212428.3401,185306.1663,161641.7335,141089.2983,123325.7675,108050.3892,94984.36544,83870.38171,74472.05591,66573.30576,59977.63777,54507.36105,50002.73114,46321.03035,43335.59253,40934.78169,39020.93475,37509.28023,36326.84491,35411.3613,34710.18881,34179.26114,33782.07186,33488.70902,33402.60589,33260.14961,33096.45184,32986.13997,32913.28238,32866.28813,32836.28116,32817.54528,32806.06798,32799.20915,32795.19861,32792.91011,32791.64226,32790.95696,32790.59906,32790.41806,32790.32946,32790.28786,32790.26902,32790.2609,32790.25754,32790.25623,32790.25575,32790.25558,32790.25552,32790.25551,32790.2555,32790.2555,32790.2555,32790.2555,32790.2555,32790.2555,32790.2555,32790.2555,32790.2555,32790.2555,32790.2555,32790.2555,32790.2555,32790.2555,32790.2555,32790.2555,32790.2555,32790.2555,32790.2555,32790.2555,32790.2555,32790.2555
9.7,278907.9236,243741.3601,212792.8218,185670.6481,162006.2153,141453.7801,123690.2492,108414.871,95348.84719,84234.86346,74836.53766,66937.78751,60342.11952,54871.8428,50367.21289,46685.5121,43700.07428,41299.26344,39385.4165,37873.76198,36691.32666,35775.84305,35074.67056,34543.74289,34146.55361,33853.19077,33767.08764,33624.63136,33460.93359,33350.62172,33277.76413,33230.76988,33200.76291,33182.02703,33170.54973,33163.6909,33159.68036,33157.39186,33156.12401,33155.43871,33155.08081,33154.89981,33154.81121,33154.76961,33154.75077,33154.74265,33154.73929,33154.73798,33154.7375,33154.73733,33154.73727,33154.73726,33154.73725,33154.73725,33154.73725,33154.73725,33154.73725,33154.73725,33154.73725,33154.73725,33154.73725,33154.73725,33154.73725,33154.73725,33154.73725,33154.73725,33154.73725,33154.73725,33154.73725,33154.73725,33154.73725,33154.73725,33154.73725,33154.73725
9.8,279272.407,244105.8436,213157.3052,186035.1315,162370.6987,141818.2635,124054.7326,108779.3544,95713.33062,84599.3469,75201.0211,67302.27095,60706.60296,55236.32624,50731.69633,47049.99554,44064.55772,41663.74687,39749.89994,38238.24542,37055.8101,36140.32649,35439.154,34908.22633,34511.03704,34217.6742,34131.57108,33989.1148,33825.41703,33715.10516,33642.24757,33595.25332,33565.24635,33546.51047,33535.03317,33528.17434,33524.1638,33521.87529,33520.60744,33519.92214,33519.56425,33519.38324,33519.29465,33519.25305,33519.23421,33519.22608,33519.22273,33519.22142,33519.22093,33519.22077,33519.22071,33519.2207,33519.22069,33519.22069,33519.22069,33519.22069,33519.22069,33519.22069,33519.22069,33519.22069,33519.22069,33519.22069,33519.22069,33519.22069,33519.22069,33519.22069,33519.22069,33519.22069,33519.22069,33519.22069,33519.22069,33519.22069,33519.22069,33519.22069
9.9,279636.892,244470.3285,213521.7902,186399.6165,162735.1837,142182.7485,124419.2176,109143.8394,96077.8156,84963.83187,75565.50607,67666.75592,61071.08793,55600.81121,51096.1813,47414.48051,44429.04269,42028.23185,40114.38491,38602.73039,37420.29507,36504.81146,35803.63897,35272.7113,34875.52202,34582.15917,34496.05605,34353.59977,34189.902,34079.59013,34006.73254,33959.73829,33929.73132,33910.99544,33899.51814,33892.65931,33888.64877,33886.36027,33885.09242,33884.40712,33884.04922,33883.86821,33883.77962,33883.73802,33883.71918,33883.71105,33883.7077,33883.70639,33883.70591,33883.70574,33883.70568,33883.70567,33883.70566,33883.70566,33883.70566,33883.70566,33883.70566,33883.70566,33883.70566,33883.70566,33883.70566,33883.70566,33883.70566,33883.70566,33883.70566,33883.70566,33883.70566,33883.70566,33883.70566,33883.70566,33883.70566,33883.70566,33883.70566,33883.70566
10.0,280001.3783,244834.8149,213886.2766,186764.1029,163099.67,142547.2349,124783.704,109508.3257,96442.30196,85328.31823,75929.99243,68031.24228,61435.57429,55965.29757,51460.66766,47778.96687,44793.52905,42392.71821,40478.87127,38967.21676,37784.78143,36869.29782,36168.12533,35637.19766,35240.00838,34946.64554,34860.54241,34718.08613,34554.38836,34444.07649,34371.2189,34324.22465,34294.21768,34275.4818,34264.0045,34257.14567,34253.13513,34250.84663,34249.57878,34248.89348,34248.53558,34248.35458,34248.26598,34248.22438,34248.20554,34248.19742,34248.19406,34248.19275,34248.19227,34248.1921,34248.19204,34248.19203,34248.19202,34248.19202,34248.19202,34248.19202,34248.19202,34248.19202,34248.19202,34248.19202,34248.19202,34248.19202,34248.19202,34248.19202,34248.19202,34248.19202,34248.19202,34248.19202,34248.19202,34248.19202,34248.19202,34248.19202,34248.19202,34248.19202
